abeiten|arbeiten
abeiter|arbeiter
abeitet|arbeitet
abfaelle|abfälle
abfluß|abfluss
abgeloest|abgelöst
abgelost|abgelöst
abguß|abguss
abhaengig|abhängig
abhaengigkeit|abhängigkeit
abhangig|abhängig
abhangigkeit|abhängigkeit
abloesung|ablösung
ablosung|ablösung
abmanung|abmahnung
abnachung|abmachung
abonement|abonnement
abonent|abonnent
abonieren|abonnieren
abriß|abriss
abschluß|abschluss
abschuß|abschuss
absorbtion|absorption
abwägig|abwegig
acapulko|acapulco
accesoir|accessoire
acksessoir|accessoire
addresse|adresse
addressen|adressen
addressieren|adressieren
addressiert|adressiert
addressierte|adressierte
adnere|andere
adneren|anderen
adneres|anderes
adners|anders
aegypten|ägypten
aegyptischen|ägyptischen
aehnlich|ähnlich
aehnliche|ähnliche
aehnlichen|ähnlichen
aehnlicher|ähnlicher
aehnliches|ähnliches
aeltere|ältere
aelteren|älteren
aelterer|älterer
aelteste|älteste
aeltesten|ältesten
aemter|ämter
aendern|ändern
aendert|ändert
aenderte|änderte
aenderten|änderten
aenderung|änderung
aenderungen|änderungen
aengste|ängste
aerger|ärger
aergert|ärgert
aerzte|ärzte
aerzten|ärzten
aesthetik|ästhetik
aeussere|äußere
aeusseren|äußeren
aeussern|äußern
aeusserst|äußerst
aeussert|äußert
aeusserte|äußerte
aeusserten|äußerten
aeusserung|äußerung
aeusserungen|äußerungen
affaere|affäre
affare|affäre
agression|aggression
agressionen|aggressionen
agressiv|aggressiv
agressive|aggressive
agypten|ägypten
agyptischen|ägyptischen
ahnlich|ähnlich
ahnliche|ähnliche
ahnlichen|ähnlichen
ahnlicher|ähnlicher
ahnliches|ähnliches
akkupunktur|akupunktur
akkustik|akustik
akkustisch|akustisch
akkustische|akustische
aksessoir|accessoire
aktionaere|aktionäre
aktionaeren|aktionären
aktionare|aktionäre
aktionaren|aktionären
aktivitaeten|aktivitäten
aktivitaten|aktivitäten
akzie|aktie
akzien|aktien
albatross|albatros
algorhythmus|algorithmus
algorythmus|algorithmus
allierte|alliierte
allmaehlich|allmählich
allmahlich|allmählich
altere|ältere
alteren|älteren
alterer|älterer
alterwürdig|altehrwürdig
alterwürdige|altehrwürdige
alteste|älteste
altesten|ältesten
amalgan|amalgam
amatur|armatur
amaturen|armaturen
amaturenbrett|armaturenbrett
anderne|andere
anderst|anders
anderste|andere
anderster|anderer
andert|ändert
anderte|änderte
anderten|änderten
anderung|änderung
anderungen|änderungen
anfuehrer|anführer
anfuhrer|anführer
angefuehrt|angeführt
angefuhrt|angeführt
angehoeren|angehören
angehoerige|angehörige
angehoerigen|angehörigen
angehoert|angehört
angehoren|angehören
angehorige|angehörige
angehorigen|angehörigen
angehort|angehört
angekuendigt|angekündigt
angekuendigte|angekündigte
angekuendigten|angekündigten
angekundigt|angekündigt
angekundigte|angekündigte
angekundigten|angekündigten
angepaßt|angepasst
angste|ängste
anhaenger|anhänger
anhaengern|anhängern
anhanger|anhänger
anhangern|anhängern
anhoerung|anhörung
anhorung|anhörung
ankuendigung|ankündigung
ankundigung|ankündigung
anlaesslich|anläßlich
anlaß|anlass
anlaßlich|anläßlich
anläßlich|anlässlich
änlich|ähnlich
anmassen|anmaßen
annaehernd|annähernd
annaeherung|annäherung
annahernd|annähernd
annaherung|annäherung
anorack|anorak
ansaetze|ansätze
ansatze|ansätze
anschlaege|anschläge
anschlage|anschläge
anschliessen|anschließen
anschliessenden|anschließenden
anschluß|anschluss
anspruche|ansprüche
ansprueche|ansprüche
anstoss|anstoß
antraege|anträge
antrage|anträge
anwaelte|anwälte
anwalte|anwälte
apoteke|apotheke
apoteker|apotheker
apropo|apropos
aprupt|abrupt
äquador|äquator
aquise|akquise
aquisition|akquisition
arbeid|arbeit
arbeiden|arbeiten
arbeider|arbeiter
arbeitskraefte|arbeitskräfte
arbeitskrafte|arbeitskräfte
arbeitsplaetze|arbeitsplätze
arbeitsplaetzen|arbeitsplätzen
arbeitsplatze|arbeitsplätze
arbeitsplatzen|arbeitsplätzen
arbete|arbeite
arbeten|arbeiten
arbeter|arbeiter
arbetest|arbeitest
arbetet|arbeitet
argumnet|argument
artzt|arzt
arzte|ärzte
arzten|ärzten
assessoir|accessoire
assozial|asozial
assoziale|asoziale
asthetik|ästhetik
athmosphäre|atmosphäre
athrose|arthrose
atmosphaere|atmosphäre
atmosphare|atmosphäre
atrappe|attrappe
atrappen|attrappen
auffuehren|aufführen
auffuehrung|aufführung
auffuehrungen|aufführungen
auffuhren|aufführen
auffuhrung|aufführung
auffuhrungen|aufführungen
aufgefaßt|aufgefasst
aufgefuehrt|aufgeführt
aufgefuhrt|aufgeführt
aufgeklaert|aufgeklärt
aufgeloest|aufgelöst
aufgelost|aufgelöst
aufguß|aufguss
aufhoeren|aufhören
aufhoren|aufhören
aufklaerung|aufklärung
aufklarung|aufklärung
aufloesung|auflösung
auflosung|auflösung
aufmass|aufmaß
aufriß|aufriss
auftraege|aufträge
auftraegen|aufträgen
aufzäunen|aufzäumen
ausdrucklich|ausdrücklich
ausdruecklich|ausdrücklich
ausfuehren|ausführen
ausfuehrlich|ausführlich
ausfuehrung|ausführung
ausfuehrungen|ausführungen
ausfuhrlich|ausführlich
ausfuhrung|ausführung
ausfuhrungen|ausführungen
ausgefuehrt|ausgeführt
ausgefuhrt|ausgeführt
ausgeruestet|ausgerüstet
ausgerustet|ausgerüstet
ausgeschloßen|ausgeschlossen
ausgeubt|ausgeübt
ausgeuebt|ausgeübt
ausgewaehlt|ausgewählt
ausgewaehlte|ausgewählte
ausgewaehlten|ausgewählten
ausgewahlt|ausgewählt
ausgewahlte|ausgewählte
ausgewahlten|ausgewählten
auskuenfte|auskünfte
auskunfte|auskünfte
auslaender|ausländer
auslaendern|ausländern
auslaendische|ausländische
auslaendischen|ausländischen
auslaendischer|ausländischer
auslander|ausländer
auslandern|ausländern
auslandisch|ausländisch
auslandische|ausländische
auslandischen|ausländischen
auslandischer|ausländischer
auslaß|auslass
ausloeser|auslöser
ausloser|auslöser
ausmass|ausmaß
ausreissen|ausreißen
ausreisser|ausreißer
ausreissversuch|ausreißversuch
ausriß|ausriss
ausruestung|ausrüstung
ausrustung|ausrüstung
ausschliessen|ausschließen
ausschliesslich|ausschließlich
ausschüße|ausschüsse
ausschuß|ausschuss
aussen|außen
aussenbord|außenbord
aussenseiter|außenseiter
ausser|außer
ausserbetriebnahme|außerbetriebnahme
außere|äußere
außeren|äußeren
ausserhalb|außerhalb
ausserkraftsetzung|außerkraftsetzung
äusserlich|äußerlich
außern|äußern
äussern|äußern
außerst|äußerst
außert|äußert
außerte|äußerte
außerten|äußerten
außerung|äußerung
außerungen|äußerungen
ausuben|ausüben
ausueben|ausüben
auswaehlen|auswählen
auswahlen|auswählen
auswal|auswahl
auswändig|auswendig
authorisieren|autorisieren
authorisiert|autorisiert
authorisierte|autorisierte
authorisierung|autorisierung
autoritaet|autorität
autoritat|autorität
babados|barbados
babies|babys
baeume|bäume
balkong|balkon
barfuss|barfuß
baß|bass
batallion|bataillon
baterie|batterie
baterien|batterien
baume|bäume
bebysitter|babysitter
bedrouille|bredouille
beduerfnis|bedürfnis
beduerfnisse|bedürfnisse
bedurfnis|bedürfnis
bedurfnisse|bedürfnisse
beeintrachtigt|beeinträchtigt
beeintraechtigt|beeinträchtigt
beerits|bereits
beethofen|beethoven
befaßt|befasst
befoerdert|befördert
befor|bevor
befordert|befördert
befuerchten|befürchten
befuerchtet|befürchtet
befuerchtung|befürchtung
befuerchtungen|befürchtungen
befuerworter|befürworter
befuerwortet|befürwortet
befurchten|befürchten
befurchtet|befürchtet
befurchtung|befürchtung
befurchtungen|befürchtungen
befurworter|befürworter
befurwortet|befürwortet
begnggen|begnügen
begnuegen|begnügen
begruenden|begründen
begruendet|begründet
begruendete|begründete
begruendeten|begründeten
begruendung|begründung
begrüssen|begrüßen
begruessen|begrüßen
begrüsst|begrüßt
begruesst|begrüßt
begrüsste|begrüßte
begruesste|begrüßte
begrunden|begründen
begrundet|begründet
begrundete|begründete
begrundeten|begründeten
begrundung|begründung
begrussen|begrüßen
begrusst|begrüßt
begrusste|begrüßte
behaelt|behält
behoerde|behörde
behoerden|behörden
behorde|behörde
behorden|behörden
beissen|beißen
beitraege|beiträge
beitraegen|beiträgen
bekaempfen|bekämpfen
bekaempft|bekämpft
bekaempfung|bekämpfung
bekampfen|bekämpfen
bekampft|bekämpft
bekampfung|bekämpfung
bekant|bekannt
bekante|bekannte
bekanter|bekannter
bekantes|bekanntes
bekraeftigt|bekräftigt
bekraeftigte|bekräftigte
bekraftigt|bekräftigt
bekraftigte|bekräftigte
belaeuft|beläuft
belästignug|belästigung
belätsigung|belästigung
belauft|beläuft
bemuehen|bemühen
bemueht|bemüht
bemuehte|bemühte
bemuehungen|bemühungen
bemuhen|bemühen
bemuht|bemüht
bemuhte|bemühte
bemuhungen|bemühungen
benoetigen|benötigen
benoetigt|benötigt
benoetigte|benötigte
benoetigten|benötigten
benotigen|benötigen
benotigt|benötigt
benotigte|benötigte
benotigten|benötigten
beraet|berät
berchtesgarden|berchtesgaden
bereis|bereits
berucksichtigen|berücksichtigen
berucksichtigung|berücksichtigung
beruecksichtigen|berücksichtigen
beruecksichtigung|berücksichtigung
beruehmt|berühmt
beruehmte|berühmte
beruehmten|berühmten
beruehrt|berührt
beruhmt|berühmt
beruhmte|berühmte
beruhmten|berühmten
beruhrt|berührt
besass|besaß
bescämen|beschämen
beschadigt|beschädigt
beschaedigt|beschädigt
beschaeftigen|beschäftigen
beschaeftigt|beschäftigt
beschaeftigte|beschäftigte
beschaeftigten|beschäftigten
beschaeftigung|beschäftigung
beschaftigen|beschäftigen
beschaftigt|beschäftigt
beschaftigte|beschäftigte
beschaftigten|beschäftigten
beschaftigung|beschäftigung
beschloß|beschloss
beschluesse|beschlüsse
beschluß|beschluss
beschlusse|beschlüsse
beschraenken|beschränken
beschraenkt|beschränkt
beschraenkung|beschränkung
beschranken|beschränken
beschrankt|beschränkt
beschrankung|beschränkung
bestaende|bestände
bestaetigen|bestätigen
bestaetigt|bestätigt
bestaetigte|bestätigte
bestaetigten|bestätigten
bestaetigung|bestätigung
bestande|bestände
bestatigen|bestätigen
bestatigt|bestätigt
bestatigte|bestätigte
bestatigten|bestätigten
bestatigung|bestätigung
bestmöglichst|bestmöglich
betgestell|bettgestell
betrachtlich|beträchtlich
betraechtlich|beträchtlich
betraege|beträge
betraegt|beträgt
betrage|beträge
betragt|beträgt
bevoelkerung|bevölkerung
bevolkerung|bevölkerung
bewaehrt|bewährt
bewaehrung|bewährung
bewaeltigen|bewältigen
bewaltigen|bewältigen
bewußt|bewusst
bewußte|bewusste
bewußten|bewussten
bewußter|bewusster
bewußtlos|bewusstlos
bewußtlose|bewusstlose
bewußtlosigkeit|bewusstlosigkeit
bewußtsein|bewusstsein
bezuege|bezüge
bezueglich|bezüglich
bezuge|bezüge
bezuglich|bezüglich
bezugname|bezugnahme
bibliotekh|bibliothek
bibliothrk|bibliothek
bickini|bikini
billiard|billard
bischen|bisschen
bischoefe|bischöfe
bischofe|bischöfe
bisquit|biskuit
biß|biss
bißchen|bisschen
blaetter|blätter
blaettern|blättern
blaß|blass
blästigung|belästigung
blatter|blätter
blattern|blättern
blos|bloß
blöse|blöße
bloss|bloß
blutdurstig|blutdürstig
blutgerinsel|blutgerinnsel
bodibuilding|bodybuilding
boerse|börse
boersen|börsen
boersengang|börsengang
boersianer|börsianer
boese|böse
boesen|bösen
böhe|böe
bombadieren|bombardieren
bombadiert|bombardiert
bombadierte|bombardierte
bombadierung|bombardierung
bonsei|bonsai
borse|börse
borsen|börsen
borsengang|börsengang
borsianer|börsianer
bose|böse
bosen|bösen
bretzel|brezel
brifmarke|briefmarke
brifmarken|briefmarken
brilliant|brillant
brilliante|brillante
broschuere|broschüre
broschure|broschüre
brucke|brücke
brucken|brücken
bruecke|brücke
bruecken|brücken
bruessel|brüssel
bruesseler|brüsseler
brussel|brüssel
brusseler|brüsseler
bucher|bücher
buchsabe|buchstabe
buchstablich|buchstäblich
buchstaeblich|buchstäblich
buchstbae|buchstabe
buecher|bücher
buehne|bühne
buehnen|bühnen
buendnis|bündnis
buergerhaus|bürgerhaus
buergerinitiative|bürgerinitiative
buergerkrieg|bürgerkrieg
buergerliche|bürgerliche
buergerlichen|bürgerlichen
buergermeister|bürgermeister
buergermeisterin|bürgermeisterin
buergermeisters|bürgermeisters
buergerschaft|bürgerschaft
buero|büro
buerokratie|bürokratie
bueros|büros
buhne|bühne
buhnen|bühnen
buldogge|bulldogge
bummerang|bumerang
bundesbuerger|bundesbürger
bundesburger|bundesbürger
bundeslaender|bundesländer
bundeslaendern|bundesländern
bundeslander|bundesländer
bundeslandern|bundesländern
bundespraesident|bundespräsident
bundespraesidenten|bundespräsidenten
bundesprasident|bundespräsident
bundesprasidenten|bundespräsidenten
bundesstrasse|bundesstraße
bundnis|bündnis
bungalo|bungalow
burgerhaus|bürgerhaus
burgerinitiative|bürgerinitiative
burgerkrieg|bürgerkrieg
burgerliche|bürgerliche
burgerlichen|bürgerlichen
burgermeister|bürgermeister
burgermeisterin|bürgermeisterin
burgermeisters|bürgermeisters
burgerschaft|bürgerschaft
buro|büro
burokratie|bürokratie
buros|büros
busineß|business
caféteria|cafeteria
camenbert|camembert
cappucino|cappuccino
capputschino|cappuccino
capuccino|cappuccino
caputschino|cappuccino
cemping|camping
champanger|champagner
dachet|dachte
daenemark|dänemark
daenische|dänische
daenischen|dänischen
dafuer|dafür
dalehen|darlehen
danemark|dänemark
danische|dänische
danischen|dänischen
daruber|darüber
darueber|darüber
daselbe|dasselbe
daß|dass
datein|dateien
dedektei|detektei
dedektiv|detektiv
dedektive|detektive
dei|die
deis|dies
deise|diese
deiser|dieser
dekne|denke
deknen|denken
deknst|denkst
deligieren|delegieren
deligiert|delegiert
deligierte|delegierte
deligierter|delegierter
demens|demenz
demnachst|demnächst
demnaechst|demnächst
dersselbe|derselbe
detailiert|detailliert
detailierte|detaillierte
diabetis|diabetes
diesjaehrigen|diesjährigen
diesjahrigen|diesjährigen
diesre|dieser
diesselbe|dieselbe
diet|diät
dilletant|dilettant
dilletantin|dilettantin
dilletantisch|dilettantisch
dilletantische|dilettantische
diphterie|diphtherie
diphtong|diphthong
dipp|dip
dirndel|dirndl
dirr|dir
disaster|desaster
disaströs|desaströs
dise|diese
disees|dieses
diser|dieser
dnak|dank
dnake|danke
dockument|dokument
dockumente|dokumente
doerfer|dörfer
doerfern|dörfern
dokkument|dokument
dokkumente|dokumente
dokumnet|dokument
dokumnete|dokumente
dorfer|dörfer
dorfern|dörfern
draengen|drängen
draengt|drängt
drangen|drängen
drangt|drängt
draussen|draußen
dreissig|dreißig
druben|drüben
druckerrei|druckerei
drueben|drüben
dubrownik|dubrovnik
duenn|dünn
duesseldorf|düsseldorf
duesseldorfer|düsseldorfer
dunn|dünn
durchfuehren|durchführen
durchfuehrung|durchführung
durchfuhren|durchführen
durchfuhrung|durchführung
durchgefuehrt|durchgeführt
durchgefuhrt|durchgeführt
durchzufuehren|durchzuführen
durchzufuhren|durchzuführen
dusseldorf|düsseldorf
dusseldorfer|düsseldorfer
ebend|eben
ebent|eben
edr|der
ehielt|erhielt
eifelturm|eiffelturm
eigenbrödler|eigenbrötler
eigendlich|eigentlich
eigenstaendige|eigenständige
eigenstandige|eigenständige
eigentuemer|eigentümer
eigentumer|eigentümer
einbüssen|einbüßen
einbusse|einbuße
einbussen|einbußen
einfallspinsel|einfaltspinsel
einfaßen|einfassen
einfaßung|einfassung
einfliessen|einfließen
einflössen|einflößen
einfluesse|einflüsse
einfluß|einfluss
einflußbereich|einflussbereich
einflusse|einflüsse
einflußnahme|einflussnahme
einflußreich|einflussreich
einflußreiche|einflussreiche
einflußreichem|einflussreichem
einflußreichen|einflussreichen
einflußreicher|einflussreicher
einflußreiches|einflussreiches
einfuehren|einführen
einfuehrung|einführung
einfuhren|einführen
einfuhrung|einführung
eingefaßt|eingefasst
eingeflösst|eingeflößt
eingefuehrt|eingeführt
eingefuhrt|eingeführt
eingegoßen|eingegossen
eingeraeumt|eingeräumt
eingeraumt|eingeräumt
eingeschalten|eingeschaltet
eingeschloßen|eingeschlossen
eingeschraenkt|eingeschränkt
eingeschrankt|eingeschränkt
eingeschweisst|eingeschweißt
eingeseßen|eingesessen
eingiessen|eingießen
einguß|einguss
einigermassen|einigermaßen
einlaß|einlass
einriß|einriss
einsaetze|einsätze
einsatze|einsätze
einschaetzung|einschätzung
einschatzung|einschätzung
einschliessen|einschließen
einschliesslich|einschließlich
einschluß|einschluss
einschraenkung|einschränkung
einschraenkungen|einschränkungen
einschrankung|einschränkung
einschrankungen|einschränkungen
einschweissen|einschweißen
eintraege|einträge
eintrage|einträge
einwaende|einwände
einwande|einwände
einzigste|einzige
einzigster|einziger
eisenwahren|eisenwaren
eiweis|eiweiß
eiweiss|eiweiß
elipse|ellipse
elsaß|elsass
emfehlen|empfehlen
emfehlung|empfehlung
emmission|emission
empfaenger|empfänger
empfanger|empfänger
empfelen|empfehlen
empfelhen|empfehlen
empfelht|empfiehlt
empfelhung|empfehlung
empfelt|empfiehlt
empfelung|empfehlung
empfielt|empfiehlt
empoert|empört
empoerung|empörung
emport|empört
emporung|empörung
endgeld|entgelt
endgueltig|endgültig
endgueltige|endgültige
endgueltigen|endgültigen
endgultig|endgültig
endgultige|endgültige
endgultigen|endgültigen
energiebewußt|energiebewusst
energiebewußtsein|energiebewusstsein
englaender|engländer
englander|engländer
engpaß|engpass
enige|einige
eniges|einiges
enldich|endlich
entblössen|entblößen
entblösst|entblößt
entblösste|entblößte
entfaellt|entfällt
entfallt|entfällt
entfuehrt|entführt
entfuehrung|entführung
entfuhrt|entführt
entfuhrung|entführung
entgeld|entgelt
entgültig|endgültig
entgültige|endgültige
enthaelt|enthält
enthalt|enthält
entlaßen|entlassen
entläßt|entlässt
entlich|endlich
entliess|entließ
entschadigung|entschädigung
entschaedigung|entschädigung
entschliessen|entschließen
entschloß|entschloss
entschloßen|entschlossen
entschloßenheit|entschlossenheit
entschluß|entschluss
entsproß|entspross
enttaeuscht|enttäuscht
enttaeuschung|enttäuschung
enttauscht|enttäuscht
enttauschung|enttäuschung
entwicklug|entwicklung
entwicklungslaender|entwicklungsländer
entwicklungslaendern|entwicklungsländern
entwicklungslander|entwicklungsländer
entwicklungslandern|entwicklungsländern
entwuerfe|entwürfe
entwurfe|entwürfe
enwickeln|entwickeln
enwickelt|entwickelt
enwickler|entwickler
enwicklung|entwicklung
epedemie|epidemie
equador|ecuador
erblaßt|erblasst
erblaßte|erblasste
erdgeschoß|erdgeschoss
ereichen|erreichen
ereicht|erreicht
ereichte|erreichte
erfaehrt|erfährt
erfahrendste|erfahrenste
erfahrt|erfährt
erfaßbar|erfassbar
erfaßt|erfasst
erfaßte|erfasste
erfaßten|erfassten
erflg|erfolg
erfuellen|erfüllen
erfuellt|erfüllt
erfuellung|erfüllung
erfullen|erfüllen
erfullt|erfüllt
erfullung|erfüllung
ergaenzen|ergänzen
ergaenzt|ergänzt
ergaenzte|ergänzte
ergaenzung|ergänzung
erganzen|ergänzen
erganzt|ergänzt
erganzte|ergänzte
erganzung|ergänzung
ergebniss|ergebnis
erhaelt|erhält
erhaeltlich|erhältlich
erhalen|erhalten
erhaltlich|erhältlich
erhaltn|erhalten
erhlaten|erhalten
erhoehen|erhöhen
erhoeht|erhöht
erhoehte|erhöhte
erhoehten|erhöhten
erhoehung|erhöhung
erhohen|erhöhen
erhoht|erhöht
erhohte|erhöhte
erhohten|erhöhten
erhohung|erhöhung
erinern|erinnern
erinerung|erinnerung
erkennn|erkennen
erklaeren|erklären
erklaert|erklärt
erklaerte|erklärte
erklaerten|erklärten
erklaerung|erklärung
erklaerungen|erklärungen
erklaren|erklären
erklart|erklärt
erklarte|erklärte
erklarten|erklärten
erklarung|erklärung
erklarungen|erklärungen
erknennen|erkennen
erlaeutert|erläutert
erlaeuterte|erläuterte
erlaß|erlass
erlaßen|erlassen
erläßt|erlässt
erlautert|erläutert
erlauterte|erläuterte
erliess|erließ
erloes|erlös
erloese|erlöse
erlos|erlös
erlose|erlöse
ermoeglichen|ermöglichen
ermoeglicht|ermöglicht
ermoglichen|ermöglichen
ermoglicht|ermöglicht
ernaehrung|ernährung
ernahrung|ernährung
erninert|erinnert
eroeffnen|eröffnen
eroeffnet|eröffnet
eroeffnete|eröffnete
eroeffnung|eröffnung
eroertert|erörtert
eroffnen|eröffnen
eroffnet|eröffnet
eroffnete|eröffnete
eroffnung|eröffnung
erortert|erörtert
erpreßen|erpressen
erpreßer|erpresser
erpreßung|erpressung
erschliessen|erschließen
erschliessung|erschließung
erschloß|erschloss
erschoepft|erschöpft
erschopft|erschöpft
erschuettert|erschüttert
erschuttert|erschüttert
ertraege|erträge
ertrage|erträge
erts|erst
erwaehnt|erwähnt
erwahnt|erwähnt
erwiedern|erwidern
erwiedert|erwidert
erwiederte|erwiderte
erzaehlen|erzählen
erzaehler|erzähler
erzaehlt|erzählt
erzaehlte|erzählte
erzaehlung|erzählung
erzaehlungen|erzählungen
erzahlen|erzählen
erzahler|erzähler
erzahlt|erzählt
erzahlte|erzählte
erzahlung|erzählung
erzahlungen|erzählungen
espreso|espresso
ethymologie|etymologie
europaeer|europäer
europaeische|europäische
europaeischen|europäischen
europaeischer|europäischer
europaer|europäer
europaische|europäische
europaischen|europäischen
europaischer|europäischer
expresso|espresso
extase|ekstase
extatisch|ekstatisch
extatische|ekstatische
faehig|fähig
faehigkeit|fähigkeit
faehigkeiten|fähigkeiten
faellig|fällig
faellt|fällt
fahig|fähig
fahigkeit|fähigkeit
fahigkeiten|fähigkeiten
fahrad|fahrrad
fahrgaeste|fahrgäste
fahrgaste|fahrgäste
fallig|fällig
fallt|fällt
fandn|fanden
fänomen|phänomen
fäöschlich|fälschlich
farschule|fahrschule
faß|fass
fäßchen|fässchen
faßt|fasst
fehrnbedienung|fernbedienung
fenomen|phänomen
fernglass|fernglass
feßel|fessel
feßeln|fesseln
festplate|festplatte
fiden|finden
fiesematenten|fisimatenten
findn|finden
firna|firma
firnament|firmament
fitneß|fitness
flachbrettscanner|flachbettscanner
flaeche|fläche
flaechen|flächen
flagschiff|flaggschiff
flexibilitaet|flexibilität
flexibilitat|flexibilität
fliessen|fließen
fliesst|fließt
flopp|flop
flörten|flirten
fluchtete|flüchtete
fluchtling|flüchtling
fluchtlinge|flüchtlinge
fluchtlingen|flüchtlingen
fluechtete|flüchtete
fluechtling|flüchtling
fluechtlinge|flüchtlinge
fluechtlingen|flüchtlingen
fluege|flüge
fluegel|flügel
fluesse|flüsse
fluge|flüge
flugel|flügel
fluß|fluss
flusse|flüsse
fnad|fand
fnaden|fanden
fnadst|fandst
fnester|fenster
foderation|föderation
foederation|föderation
folgn|folgen
folgnd|folgend
follgen|folgen
follgend|folgend
follgende|folgende
follgender|folgender
follgendes|folgendes
förderation|föderation
forfall|vorfall
forgefallen|vorgefallen
fraeg|frage
fragn|fragen
franzoesisch|französisch
franzoesische|französische
franzoesischen|französischen
franzoesischer|französischer
franzosisch|französisch
franzosische|französische
franzosischen|französischen
franzosischer|französischer
fresie|freesie
freudne|freunde
freundinen|freundinnen
friedensprozeß|friedensprozess
frima|firma
friß|friss
froehlich|fröhlich
frohlich|fröhlich
fröhnen|frönen
fröhnte|frönte
frotee|frottee
fru|frau
fruchte|früchte
fruechte|früchte
frueh|früh
fruehe|frühe
frueher|früher
fruehere|frühere
frueheren|früheren
frueherer|früherer
fruehestens|frühestens
fruehjahr|frühjahr
fruehling|frühling
fruehstueck|frühstück
fruehzeitig|frühzeitig
fruh|früh
fruhe|frühe
fruher|früher
fruhere|frühere
fruheren|früheren
fruherer|früherer
fruhestens|frühestens
fruhjahr|frühjahr
fruhling|frühling
fruhstück|frühstück
fruhzeitig|frühzeitig
fsat|fast
fuehle|fühle
fuehlen|fühlen
fuehlt|fühlt
fuehlte|fühlte
fuehlten|fühlten
fuehre|führe
fuehrende|führende
fuehrender|führender
fuehrer|führer
fuehrerschein|führerschein
fuehrt|führt
fuehrte|führte
fuehrten|führten
fuehrung|führung
fuelle|fülle
fuellen|füllen
fuellt|füllt
fuenf|fünf
fuenfte|fünfte
fuenftel|fünftel
fuenften|fünften
fuenfzehn|fünfzehn
fuenfzig|fünfzig
fuer|für
fuerchten|fürchten
fuerchtet|fürchtet
füsse|füße
fuhle|fühle
fuhlen|fühlen
fuhlt|fühlt
fuhlte|fühlte
fuhlten|fühlten
fuhrende|führende
fuhrender|führender
fuhrer|führer
fuhrerschein|führerschein
fuhrt|führt
fuhrte|führte
fuhrten|führten
fuhrung|führung
fulle|fülle
fullen|füllen
fullt|füllt
funf|fünf
funfte|fünfte
funftel|fünftel
funften|fünften
funfzehn|fünfzehn
funfzig|fünfzig
funier|furnier
funktionaere|funktionäre
funktionare|funktionäre
fur|für
furchten|fürchten
furchtet|fürchtet
fuss|fuß
fussball|fußball
fussboden|fußboden
fussgänger|fußgänger
gaderobe|garderobe
gaderoben|garderoben
gaengigen|gängigen
gaenzlich|gänzlich
gaeste|gäste
gaesten|gästen
gallerie|galerie
gallerien|galerien
gallionsfigur|galionsfigur
gallionsfiguren|galionsfiguren
gallopieren|galoppieren
gangigen|gängigen
ganzlich|gänzlich
garanti|garantie
garrage|garage
garrantie|garantie
garrantien|garantien
gaste|gäste
gasten|gästen
gaststaette|gaststätte
gaststatte|gaststätte
geabeitet|gearbeitet
geaendert|geändert
geaenderte|geänderte
geaenderten|geänderten
geaenderter|geänderter
geaeussert|geäußert
geandert|geändert
geanderte|geänderte
geanderten|geänderten
geanderter|geänderter
geaußert|geäußert
gebaeude|gebäude
gebaeuden|gebäuden
gebaeudes|gebäudes
gebahren|gebaren
gebaude|gebäude
gebauden|gebäuden
gebaudes|gebäudes
gebißen|gebissen
gebuehr|gebühr
gebuehren|gebühren
gebuertige|gebürtige
gebuhr|gebühr
gebuhren|gebühren
geburstag|geburtstag
geburtige|gebürtige
gechichte|geschichte
gechichten|geschichten
gecshichte|geschichte
gecshichten|geschichten
gedächnis|gedächtnis
gedraengt|gedrängt
gedrangt|gedrängt
gefaehrden|gefährden
gefaehrdet|gefährdet
gefaehrdung|gefährdung
gefaehrlich|gefährlich
gefaehrliche|gefährliche
gefaehrlichen|gefährlichen
gefaehrlicher|gefährlicher
gefaengnis|gefängnis
gefahrden|gefährden
gefahrdet|gefährdet
gefahrdung|gefährdung
gefahrlich|gefährlich
gefahrliche|gefährliche
gefahrlichen|gefährlichen
gefahrlicher|gefährlicher
gefangnis|gefängnis
gefar|gefahr
gefaren|gefahren
gefäss|gefäß
gefaßt|gefasst
gefaßten|gefassten
gefaßtheit|gefasstheit
gefröhnt|gefrönt
gefuehl|gefühl
gefuehlen|gefühlen
gefuehrt|geführt
gefuehrte|geführte
gefuehrten|geführten
gefuellt|gefüllt
gefuhl|gefühl
gefuhlen|gefühlen
gefuhrt|geführt
gefuhrte|geführte
gefuhrten|geführten
gefullt|gefüllt
gegebenfalls|gegebenenfalls
gegenstaende|gegenstände
gegenstande|gegenstände
gegenuber|gegenüber
gegenueber|gegenüber
gegenwaertig|gegenwärtig
gegenwaertige|gegenwärtige
gegenwaertigen|gegenwärtigen
gegenwartig|gegenwärtig
gegenwartige|gegenwärtige
gegenwärtigen|gegenwärtigen
gegoßen|gegossen
gegröhlt|gegrölt
gegruendet|gegründet
gegruendete|gegründete
gegruendeten|gegründeten
gegrundet|gegründet
gegrundete|gegründete
gegrundeten|gegründeten
gehaelter|gehälter
gehalter|gehälter
gehaßt|gehasst
gehaßte|gehasste
geheiss|geheiß
gehn|gehen
gehoer|gehör
gehoere|gehöre
gehoeren|gehören
gehoerende|gehörende
gehoerenden|gehörenden
gehoert|gehört
gehoerte|gehörte
gehoerten|gehörten
gehor|gehör
gehore|gehöre
gehoren|gehören
gehorende|gehörende
gehorenden|gehörenden
gehort|gehört
gehorte|gehörte
gehorten|gehörten
gehts|geht's
geidcht|gedicht
geidchte|gedichte
gekaempft|gekämpft
gekampft|gekämpft
geklaert|geklärt
geklart|geklärt
gekuendigt|gekündigt
gekuerzt|gekürzt
gekundigt|gekündigt
gekurzt|gekürzt
gelaende|gelände
gelande|gelände
gelantine|gelatine
gelegenhet|gelegenheit
gelgenheit|gelegenheit
geloescht|gelöscht
geloscht|gelöscht
gemaelde|gemälde
gemalde|gemälde
gemäss|gemäß
gemeisselt|gemeißelt
gemuese|gemüse
gemuse|gemüse
geniessen|genießen
genießt|geniest
geniesst|genießt
genoß|genoss
genuegen|genügen
genuegend|genügend
genuegt|genügt
genugen|genügen
genugend|genügend
genugt|genügt
genuß|genuss
geoeffnet|geöffnet
geoffnet|geöffnet
gepack|gepäck
gepaeck|gepäck
gepaßt|gepasst
gepraegt|geprägt
gepraegten|geprägten
gepragt|geprägt
gepragten|geprägten
gepreßt|gepresst
geprueft|geprüft
gepruft|geprüft
gequängelt|gequengelt
geradde|gerade
geradewohl|geratewohl
geraet|gerät
geraete|geräte
geraeten|geräten
geraeumt|geräumt
gerat|gerät
gerate|geräte
geraumt|geräumt
geringfuegig|geringfügig
geringfugig|geringfügig
gerißen|gerissen
geruchte|gerüchte
geruckt|gerückt
geruechte|gerüchte
gerueckt|gerückt
gesäht|gesät
geschaeft|geschäft
geschaefte|geschäfte
geschaeften|geschäften
geschaeftsbereich|geschäftsbereich
geschaeftsfuehrer|geschäftsführer
geschaeftsfuehrung|geschäftsführung
geschaeftsjahr|geschäftsjahr
geschaeftsjahres|geschäftsjahres
geschaeftsleute|geschäftsleute
geschaeftsmann|geschäftsmann
geschaeftstaetigkeit|geschäftstätigkeit
geschaetzt|geschätzt
geschaetzten|geschätzten
geschaft|geschäft
geschafte|geschäfte
geschaften|geschäften
geschaftsbereich|geschäftsbereich
geschaftsfuhrer|geschäftsführer
geschaftsfuhrung|geschäftsführung
geschäftsgebahren|geschäftsgebaren
geschaftsjahr|geschäftsjahr
geschaftsjahres|geschäftsjahres
geschaftsleute|geschäftsleute
geschaftsmann|geschäftsmann
geschaftstatigkeit|geschäftstätigkeit
geschatzt|geschätzt
geschatzten|geschätzten
geschichtne|geschichten
geschloßen|geschlossen
geschoss|geschoß
geschuetzt|geschützt
geschutzt|geschützt
geshichte|geschichte
gesprach|gespräch
gesprache|gespräche
gesprachspartner|gesprächspartner
gespraech|gespräch
gespraeche|gespräche
gespraechspartner|gesprächspartner
gestaendnis|geständnis
gestaerkt|gestärkt
gestandnis|geständnis
gestarkt|gestärkt
gestoert|gestört
gestort|gestört
gestuerzt|gestürzt
gesturzt|gestürzt
getoetet|getötet
getotet|getötet
getraenke|getränke
getranke|getränke
geubt|geübt
geuebt|geübt
gewaehlt|gewählt
gewaehlte|gewählte
gewaehlten|gewählten
gewaehrleisten|gewährleisten
gewaehrleistet|gewährleistet
gewahlt|gewählt
gewahlte|gewählte
gewahlten|gewählten
gewahrleisten|gewährleisten
gewahrleistet|gewährleistet
geweßen|gewesen
gewinspiel|gewinnspiel
gewiß|gewiss
gewiße|gewisse
gewißheit|gewissheit
gewoehnlich|gewöhnlich
gewoehnlichen|gewöhnlichen
gewohnlich|gewöhnlich
gewohnlichen|gewöhnlichen
gewolt|gewollt
gewuenscht|gewünscht
gewuenschte|gewünschte
gewuenschten|gewünschten
gewuerdigt|gewürdigt
gewunken|gewinkt
gewunscht|gewünscht
gewunschte|gewünschte
gewunschten|gewünschten
gewurdigt|gewürdigt
gewußt|gewusst
gezaehlt|gezählt
gezahlt|gezählt
ghe|gehe
ghen|gehen
ghest|gehst
gibts|gibt's
gieskanne|gießkanne
giessen|gießen
glaben|glauben
glaeubiger|gläubiger
glass|glas
glaubn|glauben
glaubwuerdigkeit|glaubwürdigkeit
glaubwurdigkeit|glaubwürdigkeit
gleichermassen|gleichermaßen
globuss|globus
glucklich|glücklich
glueck|glück
gluecklich|glücklich
gluubiger|gläubiger
gnaz|ganz
goetter|götter
goß|goss
göthe|goethe
gotter|götter
gradwanderung|gratwanderung
graffitis|graffiti
gries|grieß
groesse|größe
groessen|größen
groessenordnung|größenordnung
groesser|größer
groesseren|größeren
groesserer|größerer
groesseres|größeres
groesste|größte
groessten|größten
groesstenteils|größtenteils
groesster|größter
gröhlen|grölen
gröhlte|grölte
groshandel|großhandel
grossbritannien|großbritannien
grosse|größe
grossem|großem
grossen|größen
grossenordnung|größenordnung
grosser|großer
grosseren|größeren
grosserer|größerer
grosseres|größeres
grosshandel|großhandel
grossmutter|großmutter
grossstadt|großstadt
grossstadte|großstädte
grossstaedte|großstädte
grosste|größte
grossteil|großteil
grossten|größten
grosstenteils|größtenteils
grösster|größter
grossvater|großvater
grosszuegig|großzügig
grosszugig|großzügig
gruen|grün
gruende|gründe
gruenden|gründen
gruender|gründer
gruendete|gründete
gruendlich|gründlich
gruendung|gründung
gruene|grüne
gruenen|grünen
gruenes|grünes
grüsse|grüße
grüssen|grüßen
grüsst|grüßt
grüsste|grüßte
grun|grün
grunden|gründen
grunder|gründer
grundete|gründete
grundlich|gründlich
grundriß|grundriss
grundsaetze|grundsätze
grundsaetzlich|grundsätzlich
grundsaetzliche|grundsätzliche
grundsatze|grundsätze
grundsatzlich|grundsätzlich
grundsatzliche|grundsätzliche
grundstuck|grundstück
grundstucke|grundstücke
grundstueck|grundstück
grundstuecke|grundstücke
grundung|gründung
grune|grüne
grunen|grünen
grunes|grünes
grupe|gruppe
gruss|gruß
gschehen|geschehen
gueltig|gültig
gueltige|gültige
gueltigen|gültigen
gueltigkeit|gültigkeit
guenstig|günstig
guenstige|günstige
guenstigen|günstigen
guenstiger|günstiger
guerrilla|guerilla
guerrillas|guerillas
gultig|gültig
gultige|gültige
gultigen|gültigen
gultigkeit|gültigkeit
gunstig|günstig
gunstige|günstige
gunstigen|günstigen
gunstiger|günstiger
guß|guss
habn|haben
häckchen|häkchen
haelfte|hälfte
haende|hände
haenden|händen
haendler|händler
haendlern|händlern
haengen|hängen
haengt|hängt
haerte|härte
haett|hatte
haeufig|häufig
haeufiger|häufiger
haeufigsten|häufigsten
haeuser|häuser
haeusern|häusern
hahnebüchen|hanebüchen
hahnebüchene|hanebüchene
halfte|hälfte
hälst|hältst
hande|hände
handen|händen
handies|handys
handler|händler
handlern|händlern
hangen|hängen
hangt|hängt
hannofer|hannover
hanover|hannover
harte|härte
haß|hass
haßt|hasst
haßte|hasste
haufig|häufig
haufiger|häufiger
haufigsten|häufigsten
hauptsachlich|hauptsächlich
hauptsaechlich|hauptsächlich
hauptstrasse|hauptstraße
hauser|häuser
hausern|häusern
haustuer|haustür
haustur|haustür
hautauschlag|hautausschlag
hecktick|hektik
hecktik|hektik
heiss|heiß
heisse|heiße
heissen|heißen
heisst|heißt
heitzung|heizung
hendy|handy
herkoemmlichen|herkömmlichen
herkommlichen|herkömmlichen
herzinfakt|herzinfarkt
hierfuer|hierfür
hierfur|hierfür
hiess|hieß
hintergruende|hintergründe
hintergrunde|hintergründe
hipnose|hypnose
hobbies|hobbys
hochst|höchst
hochste|höchste
hochsten|höchsten
hochstens|höchstens
hochster|höchster
hochtzeit|hochzeit
hoechst|höchst
hoechste|höchste
hoechsten|höchsten
hoechstens|höchstens
hoechster|höchster
hoehe|höhe
hoehepunkt|höhepunkt
hoeher|höher
hoeheren|höheren
hoeherer|höherer
hoeren|hören
hoerer|hörer
hoert|hört
hoerte|hörte
hoffendlich|hoffentlich
hohepunkt|höhepunkt
hoheren|höheren
hoherer|höherer
hollaender|holländer
hollander|holländer
hollunder|holunder
hompage|homepage
horen|hören
horer|hörer
hotelerie|hotellerie
hotell|hotel
hst|hast
ht|hat
htp|http
http|http
http:\\|http://
huegel|hügel
huerde|hürde
huerden|hürden
huete|heute
huette|hütte
hugel|hügel
humanitaere|humanitäre
humanitare|humanitäre
hurde|hürde
hurden|hürden
hutte|hütte
hypotek|hypothek
hypothenuse|hypotenuse
identitaet|identität
identitat|identität
ien|ein
iene|eine
ienes|eines
ienige|einige
ieniges|einiges
ieronie|ironie
ieronisch|ironisch
ilustration|illustration
imbiß|imbiss
imbus|inbus
imer|immer
imission|immission
impregnieren|imprägnieren
impregniert|imprägniert
impregnierung|imprägnierung
impressario|impresario
imunsystem|immunsystem
infakt|infarkt
infiszieren|infizieren
infisziert|infiziert
infiszierte|infizierte
informand|informant
informanden|informanten
ingredens|ingrediens
ingredenz|ingredienz
ingredenzen|ingredienzen
ingredenzien|ingredienzien
injezieren|injizieren
injeziert|injiziert
injezierte|injizierte
inmobilien|immobilien
insbesonders|insbesondere
inserrat|inserat
intelektuell|intellektuell
intelektuelle|intellektuelle
intelektueller|intellektueller
intensitaet|intensität
intensitat|intensität
intermezo|intermezzo
interresse|interesse
interressieren|interessieren
interressiert|interessiert
interressierte|interessierte
intriege|intrige
intriegieren|intrigieren
intriegiert|intrigiert
intriegierte|intrigierte
intrife|intrige
intrifen|intrigen
irrland|irland
jaeger|jäger
jaehrlich|jährlich
jaehrliche|jährliche
jaehrlichen|jährlichen
jaens|jeans
jager|jäger
jahresüberschuß|jahresüberschuss
jahrlich|jährlich
jahrliche|jährliche
jahrlichen|jährlichen
jare|jahre
jettz|jetzt
jezt|jetzt
jhar|jahr
joerg|jörg
jojo|jo-jo
jop|job
jorg|jörg
jubilaeum|jubiläum
jubilaum|jubiläum
jubileum|jubiläum
judische|jüdische
judischem|jüdischem
judischen|jüdischen
judischer|jüdischer
judisches|jüdisches
juedische|jüdische
juedischem|jüdischem
juedischen|jüdischen
juedischer|jüdischer
juedisches|jüdisches
juenger|jünger
juengere|jüngere
juengeren|jüngeren
juengst|jüngst
juengste|jüngste
juengsten|jüngsten
juengster|jüngster
juergen|jürgen
jungst|jüngst
jungste|jüngste
jungsten|jüngsten
jungster|jüngster
jurgen|jürgen
juvelier|juwelier
kabriolet|cabriolet
kaelte|kälte
kaeme|käme
kaempfe|kämpfe
kaempfen|kämpfen
kaempfer|kämpfer
kaempft|kämpft
kaempfte|kämpfte
kaese|käse
kaeufer|käufer
kaffe|kaffee
kalrer|klarer
kame|käme
kamien|kamin
kampfe|kämpfe
kampfen|kämpfen
kampfer|kämpfer
kampft|kämpft
kampfte|kämpfte
kan|kann
kanaele|kanäle
kanale|kanäle
kandarre|kandare
känguruh|känguru
känguruhs|kängurus
kanninchen|kaninchen
kapazitaet|kapazität
kapazitaeten|kapazitäten
kapazitat|kapazität
kapazitaten|kapazitäten
kapitaen|kapitän
kapitan|kapitän
kappucino|cappuccino
kapputschino|cappuccino
kapuccino|cappuccino
kaputschino|cappuccino
kardamon|kardamom
kariere|karriere
karikativ|karitativ
karikative|karitative
karrikatur|karikatur
karrikaturen|karikaturen
karussel|karussell
kase|käse
kattalog|katalog
kaufer|käufer
keßel|kessel
ketschapp|ketschap
kien|kein
kiene|keine
kienes|keines
kiense|keines
klaeger|kläger
klaeren|klären
klaerung|klärung
klagenfurth|klagenfurt
klager|kläger
klaren|klären
klarung|klärung
klin|klein
klnnen|können
kloss|kloß
klr|klar
klra|klar
kna|kann
knieen|knien
koeln|köln
koelner|kölner
koenig|könig
koenigin|königin
koenigreich|königreich
koenigs|königs
koenne|könne
koennen|können
koepfe|köpfe
koepfen|köpfen
koerper|körper
koerperlich|körperlich
koerperliche|körperliche
koerperlichen|körperlichen
koerpers|körpers
koerperverletzung|körperverletzung
kofer|koffer
kokusnüsse|kokosnüsse
kokusnuss|kokosnuss
kokusnuß|kokosnuss
kolesterin|cholesterin
koln|köln
kolner|kölner
koloß|koloss
komilitone|kommilitone
komilitonen|kommilitonen
komite|komitee
komittee|komitee
kommitee|komitee
kommittee|komitee
kommolitone|kommilitone
kommolitonen|kommilitonen
komodie|komödie
komoedie|komödie
kompromiß|kompromiss
komunizieren|kommunizieren
komuniziert|kommuniziert
komunizierte|kommunizierte
kongreß|kongress
konig|könig
konigin|königin
konigreich|königreich
konigs|königs
konkurenz|konkurrenz
konne|könne
konnen|können
konsenz|konsens
kontackt|kontakt
konte|konnte
könte|könnte
kontigent|kontingent
kontinuitaet|kontinuität
kontinuitat|kontinuität
koonte|konnte
kopei|kopie
kopfe|köpfe
kopfen|köpfen
korper|körper
korperlich|körperlich
korperliche|körperliche
korperlichen|körperlichen
korpers|körpers
korperverletzung|körperverletzung
korregieren|korrigieren
korregiert|korrigiert
korregierte|korrigierte
kraefte|kräfte
kraeften|kräften
kraeftig|kräftig
kraeftige|kräftige
kraeftigen|kräftigen
krafte|kräfte
kraften|kräften
kraftig|kräftig
kraftige|kräftige
kraftigen|kräftigen
krakelen|krakeelen
krakelt|krakeelt
krakelte|krakeelte
krankenhaeuser|krankenhäuser
krankenhaeusern|krankenhäusern
krankenhauser|krankenhäuser
krankenhausern|krankenhäusern
krankenkase|krankenkasse
kreativitaet|kreativität
kreativitat|kreativität
kreissaal|kreißsaal
kres|kreis
kriminalitaet|kriminalität
kriminalitat|kriminalität
krimmi|krimi
kuche|küche
kueche|küche
kücken|küken
kuehe|kühe
kuehl|kühl
kuemmern|kümmern
kuemmert|kümmert
kuendigen|kündigen
kuendigt|kündigt
kuendigte|kündigte
kuendigten|kündigten
kuendigung|kündigung
kuenftig|künftig
kuenftige|künftige
kuenftigen|künftigen
kuenstler|künstler
kuenstlerin|künstlerin
kuenstlerische|künstlerische
kuenstlerischen|künstlerischen
kuenstlern|künstlern
kuenstlers|künstlers
kuenstlich|künstlich
kuenstliche|künstliche
kuenstlichen|künstlichen
kuerze|kürze
kuerzer|kürzer
kuerzlich|kürzlich
kuerzung|kürzung
kuerzungen|kürzungen
küße|küsse
kueste|küste
kuhe|kühe
kuhl|kühl
kummern|kümmern
kummert|kümmert
kummulieren|kumulieren
kummuliert|kumuliert
kummulierte|kumulierte
kundigen|kündigen
kundigt|kündigt
kundigte|kündigte
kundigten|kündigten
kundigung|kündigung
kunftig|künftig
kunftige|künftige
kunftigen|künftigen
kunstler|künstler
kunstlerin|künstlerin
kunstlerische|künstlerische
kunstlerischen|künstlerischen
kunstlern|künstlern
kunstlers|künstlers
kunstlich|künstlich
kunstliche|künstliche
kunstlichen|künstlichen
kuplung|kupplung
kurzlich|kürzlich
kurzung|kürzung
kurzungen|kürzungen
kuß|kuss
kuste|küste
labaratorium|laboratorium
labbor|labor
labohratorium|laboratorium
labtop|laptop
lacheln|lächeln
lachelt|lächelt
lacherlich|lächerlich
läd|lädt
ladenschluß|ladenschluss
ladt|lädt
laecheln|lächeln
laechelt|lächelt
laecherlich|lächerlich
laedt|lädt
laender|länder
laendern|ländern
laendlichen|ländlichen
laenge|länge
laenger|länger
laengere|längere
laengerem|längerem
laengeren|längeren
laengerer|längerer
laengst|längst
laerm|lärm
laesst|lässt
lamminat|laminat
lander|länder
landern|ländern
landlichen|ländlichen
landstrasse|landstraße
langere|längere
langerem|längerem
langeren|längeren
langerer|längerer
langjaehrige|langjährige
langjaehrigen|langjährigen
langjahrige|langjährige
langjahrigen|langjährigen
langst|längst
lapalie|lappalie
larm|lärm
laßen|lassen
läßt|lässt
laufpaß|laufpass
lebn|leben
legendaeren|legendären
legendaren|legendären
leibzig|leipzig
leidfaden|leitfaden
leihaus|leihhaus
leistnug|leistung
leistug|leistung
leistungsfaehigkeit|leistungsfähigkeit
leistungsfahigkeit|leistungsfähigkeit
leisung|leistung
lektuere|lektüre
lekture|lektüre
lernprozeß|lernprozess
lestung|leistung
libe|liebe
lieferrant|lieferant
liess|ließ
liessen|ließen
liestung|leistung
lilliputaner|liliputaner
linolium|linoleum
lippizaner|lipizzaner
litfasssäule|litfaßsäule
lizensieren|lizenzieren
lizensiert|lizenziert
lizensierte|lizenzierte
lizensierung|lizenzierung
lizentz|lizenz
loehne|löhne
lohne|löhne
lohrbeeren|lorbeeren
looser|loser
loterie|lotterie
lubeck|lübeck
lubecker|lübecker
lucke|lücke
lucken|lücken
luebeck|lübeck
luebecker|lübecker
luecke|lücke
luecken|lücken
luege|lüge
luegen|lügen
luegt|lügt
luete|leute
luge|lüge
lugen|lügen
lugt|lügt
lybien|libyen
macen|machen
machn|machen
machtig|mächtig
machtige|mächtige
machtigen|mächtigen
machtmißbrauch|machtmissbrauch
macst|machst
mact|macht
macte|machte
madchen|mädchen
madrit|madrid
maechtig|mächtig
maechtige|mächtige
maechtigen|mächtigen
maedchen|mädchen
maenner|männer
maennern|männern
maennliche|männliche
maennlichen|männlichen
maerchen|märchen
maerkte|märkte
maerkten|märkten
maerz|märz
magts|magst
mailaender|mailänder
mailander|mailänder
maketing|marketing
mamor|marmor
maniriert|manieriert
manner|männer
mannern|männern
mannliche|männliche
mannlichen|männlichen
mannometer|manometer
marchen|märchen
margarite|margerite
margariten|margeriten
markte|märkte
markten|märkten
marktfuehrer|marktführer
marktfuhrer|marktführer
marz|märz
maschiene|maschine
maschienen|maschinen
maskara|mascara
mass|maß
massgeblich|maßgeblich
massnahme|maßnahme
maßname|maßnahme
massstab|maßstab
mathemaitk|mathematik
mathematikk|mathematik
mathemetik|mathematik
mathrmatik|mathematik
matraze|matratze
matrazen|matratzen
mattematik|mathematik
matthaeus|matthäus
matthaus|matthäus
mayonaise|mayonnaise
mazipan|marzipan
medallion|medaillon
medallions|medaillons
mediteran|mediterran
mediterane|mediterrane
mediteranes|mediterranes
meissel|meißel
meisseln|meißeln
mene|meine
menu|menü
menue|menü
merschweinchen|meerschweinchen
mesnchen|menschen
meßbar|messbar
meßbare|messbare
meßbarem|messbarem
meßbaren|messbaren
meßbarer|messbarer
meßbares|messbares
meßbecher|messbecher
meßbereich|messbereich
meßdaten|messdaten
meßergebnis|messergebnis
meßergebnisse|messergebnisse
meßfahrt|messfahrt
meßfehler|messfehler
meßgenauigkeit|messgenauigkeit
meßgerät|messgerät
meßgeräte|messgeräte
meßgeräten|messgeräten
meßgröße|messgröße
meßgrößen|messgrößen
meßinstrument|messinstrument
meßinstrumente|messinstrumente
meßinstrumenten|messinstrumenten
meßmethode|messmethode
meßmethoden|messmethoden
meßprinzip|messprinzip
meßpunkt|messpunkt
meßpunkte|messpunkte
meßstellen|messstellen
meßsystem|messsystem
meßtechnik|messtechnik
meßtischblatt|messtischblatt
meßungenauigkeit|messungenauigkeit
meßverfahren|messverfahren
meßwert|messwert
meßwerte|messwerte
meßwerten|messwerten
metallguß|metallguss
miesere|misere
militaer|militär
militaerisch|militärisch
militaerische|militärische
militaerischen|militärischen
militaers|militärs
militar|militär
militarisch|militärisch
militarische|militärische
militarischen|militärischen
militars|militärs
millenium|millennium
millionenhoehe|millionenhöhe
millionenhohe|millionenhöhe
miniskus|meniskus
ministerpraesident|ministerpräsident
ministerpraesidenten|ministerpräsidenten
ministerprasident|ministerpräsident
ministerprasidenten|ministerpräsidenten
mißachten|missachten
mißachtet|missachtet
mißbildung|missbildung
mißbildungen|missbildungen
mißbilligen|missbilligen
mißbilligt|missbilligt
mißbilligte|missbilligte
mißbilligung|missbilligung
mißbrauch|missbrauch
mißbrauchen|missbrauchen
mißbräuchlich|missbräuchlich
mißbrauchs|missbrauchs
mißbraucht|missbraucht
mißbrauchte|missbrauchte
mißbrauchten|missbrauchten
mißdeuten|missdeuten
mißerfolg|misserfolg
mißerfolge|misserfolge
mißerfolgen|misserfolgen
mißerfolgs|misserfolgs
mißernte|missernte
mißernten|missernten
mißfallen|missfallen
mißfällt|missfällt
mißfiel|missfiel
mißgeburten|missgeburten
mißgeschick|missgeschick
mißgeschicke|missgeschicke
mißgeschicks|missgeschicks
mißgestalt|missgestalt
mißgestaltet|missgestaltet
mißglückt|missglückt
mißglückte|missglückte
mißglücktem|missglücktem
mißglückten|missglückten
mißglückter|missglückter
mißglücktes|missglücktes
mißgünstig|missgünstig
mißgunst|missgunst
mißhandeln|misshandeln
mißhandelt|misshandelt
mißhandelte|misshandelte
mißhandelten|misshandelten
mißhandlung|misshandlung
mißhandlungen|misshandlungen
mißkredit|misskredit
mißlang|misslang
mißlangen|misslangen
mißlich|misslich
mißliche|missliche
mißlichen|misslichen
mißlicher|misslicher
mißliches|missliches
mißliebig|missliebig
mißlingen|misslingen
mißlingt|misslingt
mißlungene|misslungene
mißlungenem|misslungenem
mißlungenen|misslungenen
mißlungener|misslungener
mißlungenes|misslungenes
mißraten|missraten
mißstand|missstand
mißstände|missstände
mißstimmung|missstimmung
mißt|misst
mißtrauen|misstrauen
mißtrauensantrag|misstrauensantrag
mißtrauensvotum|misstrauenvotum
mißtrauensvotums|misstrauenvotums
mißtrauisch|misstrauisch
mißtrauische|misstrauische
mißtrauischem|misstrauischem
mißtrauischen|misstrauischen
mißtrauischer|misstrauischer
mißtrauisches|misstrauisches
mißverstand|missverstand
mißverstanden|missverstanden
mißverständlich|missverständlich
mißverständliche|missverständliche
mißverständlichem|missverständlichem
mißverständlichen|missverständlichen
mißverständlicher|missverständlicher
mißverständlicherweise|missverständlicherweise
mißverständliches|missverständliches
mißverständnis|missverständnis
mißverständnisse|missverständnisse
mißverständnissen|missverständnissen
mißverstehen|missverstehen
mißwirtschaft|misswirtschaft
mittelstaendische|mittelständische
mittelstaendischen|mittelständischen
mittelstandische|mittelständische
mittelstandischen|mittelständischen
mittlerweise|mittlerweile
mitwagen|mietwagen
mobel|möbel
mobilitaet|mobilität
mobilitat|mobilität
mocca|mokka
möcht|möchte
mocte|mochte
moebel|möbel
moechte|möchte
moege|möge
moegen|mögen
moeglich|möglich
moegliche|mögliche
moeglicher|möglicher
moeglicherweise|möglicherweise
moeglichkeit|möglichkeit
moeglichkeiten|möglichkeiten
moeglichst|möglichst
moenchengladbach|mönchengladbach
moerder|mörder
moge|möge
mogen|mögen
moglich|möglich
mogliche|mögliche
moglicher|möglicher
moglicherweise|möglicherweise
moglichkeit|möglichkeit
moglichkeiten|möglichkeiten
moglichst|möglichst
monchengladbach|mönchengladbach
mop|mopp
mopping|mobbing
morder|mörder
morgentlich|morgendlich
morgentliche|morgendliche
motorbot|motorboot
mozarella|mozzarella
mude|müde
muede|müde
muehe|mühe
muehsam|mühsam
muenchen|münchen
muenchener|münchener
muenchner|münchner
muenster|münster
muenzen|münzen
muesse|müsse
müßen|müssen
muessen|müssen
müßt|müsst
müßte|müsste
muesste|müsste
müßten|müssten
muessten|müssten
müßtest|müsstest
muetter|mütter
muhe|mühe
muhsam|mühsam
mummpitz|mumpitz
munchen|münchen
munchener|münchener
munchner|münchner
munster|münster
munzen|münzen
muß|muss
musse|müsse
mussen|müssen
mußt|musst
mußte|musste
mußten|mussten
mußtest|musstest
mutmassliche|mutmaßliche
mutmasslichen|mutmaßlichen
nachdrucklich|nachdrücklich
nachdruecklich|nachdrücklich
nachilfe|nachhilfe
nachlaß|nachlass
nachste|nächste
nachsten|nächsten
nachster|nächster
nachstes|nächstes
nachte|nächte
nachtlichen|nächtlichen
nachtraeglich|nachträglich
nachtraglich|nachträglich
naechste|nächste
naechsten|nächsten
naechster|nächster
naechstes|nächstes
naechte|nächte
naechtlichen|nächtlichen
naeher|näher
naehert|nähert
naemlich|nämlich
nahert|nähert
nähmlich|nämlich
namlich|nämlich
narzistisch|narzisstisch
narzistische|narzisstische
naseweiß|naseweis
nätig|nötig
natuerlich|natürlich
natuerliche|natürliche
natuerlichen|natürlichen
naturlich|natürlich
naturliche|natürliche
naturlichen|natürlichen
nebenfluß|nebenfluss
nemen|nehmen
nervoes|nervös
nervos|nervös
nervösität|nervosität
niederlaender|niederländer
niederlaendische|niederländische
niederlaendischen|niederländischen
niederlander|niederländer
niederlandische|niederländische
niederlandischen|niederländischen
niedersachsische|niedersächsische
niedersachsischen|niedersächsischen
niedersaechsische|niedersächsische
niedersaechsischen|niedersächsischen
niegelnagelneu|nigelnagelneu
niegelnagelneue|nigelnagelneue
niegelnagelneues|nigelnagelneues
nießen|niesen
nihcte|nichte
nimst|nimmst
nirvana|nirwana
nltig|nötig
noerdlich|nördlich
noerdlichen|nördlichen
noetig|nötig
noetige|nötige
noetigen|nötigen
nordlich|nördlich
nordlichen|nördlichen
nörigung|nötigung
normalitaet|normalität
normalitat|normalität
notig|nötig
notige|nötige
notigen|nötigen
notitz|notiz
notitzbuch|notizbuch
notitzen|notizen
nürmberg|nürnberg
nuernberg|nürnberg
nuernberger|nürnberger
nuetzlich|nützlich
nuetzt|nützt
nunner|nummer
nurnberg|nürnberg
nurnberger|nürnberger
nurr|nur
nuß|nuss
nutzlich|nützlich
nutzt|nützt
oaky|okay
oberbuergermeister|oberbürgermeister
oberburgermeister|oberbürgermeister
oberflache|oberfläche
oberflaeche|oberfläche
obulus|obolus
oeffentlich|öffentlich
oeffentliche|öffentliche
oeffentlichen|öffentlichen
oeffentlicher|öffentlicher
oeffentlichkeit|öffentlichkeit
oeffentlichkeitsarbeit|öffentlichkeitsarbeit
oeffnet|öffnet
oeffnete|öffnete
oeffnungszeiten|öffnungszeiten
oefter|öfter
oekologie|ökologie
oekologisch|ökologisch
oekologische|ökologische
oekologischen|ökologischen
oekonomie|ökonomie
oekonomische|ökonomische
oekonomischen|ökonomischen
oel|öl
oelig|ölig
oertlichen|örtlichen
oesterreich|österreich
oesterreicher|österreicher
oesterreichische|österreichische
oesterreichischen|österreichischen
oesterreichs|österreichs
oestlich|östlich
oestlichen|östlichen
ofenbar|offenbar
ofensichtlich|offensichtlich
offensicgtlich|offensichtlich
offensichylich|offensichtlich
offentlich|öffentlich
offentliche|öffentliche
offentlichen|öffentlichen
offentlicher|öffentlicher
offentlichkeit|öffentlichkeit
offentlichkeitsarbeit|öffentlichkeitsarbeit
offnet|öffnet
offnete|öffnete
offnungszeiten|öffnungszeiten
ofter|öfter
okologie|ökologie
okologisch|ökologisch
okologische|ökologische
okologischen|ökologischen
okonomie|ökonomie
okonomische|ökonomische
okonomischen|ökonomischen
ol|öl
olig|ölig
onlein|online
orchide|orchidee
orginal|original
ortlichen|örtlichen
osterreich|österreich
osterreicher|österreicher
osterreichische|österreichische
osterreichischen|österreichischen
osterreichs|österreichs
osteuropaeischen|osteuropäischen
osteuropaischen|osteuropäischen
ostlich|östlich
ostlichen|östlichen
overal|overall
pabst|papst
packet|paket
padagoge|pädagoge
padagogen|pädagogen
padagogisch|pädagogisch
paedagoge|pädagoge
paedagogen|pädagogen
paedagogisch|pädagogisch
pafum|parfüm
palaestinenser|palästinenser
palaestinensern|palästinensern
palaestinensische|palästinensische
palaestinensischen|palästinensischen
palastinenser|palästinenser
palastinensern|palästinensern
palastinensische|palästinensische
palastinensischen|palästinensischen
pantomine|pantomime
pappenstil|pappenstiel
paradontose|parodontose
parafin|paraffin
paralell|parallel
parkplaetze|parkplätze
parkplatze|parkplätze
partionieren|partitionieren
partioniert|partitioniert
partionierte|partitionierte
paß|pass
paßbild|passbild
paßen|passen
paßt|passt
pavillion|pavillon
pavillions|pavillons
pber|über
pbertreiben|übertreiben
pepp|pep
pepperoni|peperoni
periphär|peripher
periphäre|periphere
perrücke|perücke
persoenlich|persönlich
persoenliche|persönliche
persoenlichen|persönlichen
persoenlicher|persönlicher
persoenlichkeit|persönlichkeit
persoenlichkeiten|persönlichkeiten
persöhnlich|persönlich
persöhnliche|persönliche
persöhnlichem|persönlichem
persöhnlichen|persönlichen
persöhnlicher|persönlicher
persöhnliches|persönliches
personlich|persönlich
personliche|persönliche
personlichen|persönlichen
personlicher|persönlicher
personlichkeit|persönlichkeit
personlichkeiten|persönlichkeiten
phaenomen|phänomen
phanomen|phänomen
philipinen|philippinen
photo|foto
photos|fotos
pieke|pike
pieken|piken
pieksen|piksen
pieling|peeling
piknick|picknick
piknik|picknick
pinwand|pinnwand
pizzaria|pizzeria
pladiert|plädiert
pladierte|plädierte
pladoyer|plädoyer
plaediert|plädiert
plaedierte|plädierte
plaedoyer|plädoyer
plaetze|plätze
ploetzlich|plötzlich
plotzlich|plötzlich
pockal|pokal
populaer|populär
popular|populär
popularitaet|popularität
popularitat|popularität
porblem|problem
porbleme|probleme
portraet|porträt
portrat|porträt
porzelan|porzellan
porzellam|porzellan
porzellna|porzellan
potentiell|potenziell
potentielle|potenzielle
potzellan|porzellan
praesent|präsent
praesentation|präsentation
praesentieren|präsentieren
praesentiert|präsentiert
praesentierte|präsentierte
praesentierten|präsentierten
praesenz|präsenz
praesident|präsident
praesidenten|präsidenten
praesidentin|präsidentin
praesidium|präsidium
praezise|präzise
prankt|prangt
prasent|präsent
prasentation|präsentation
prasentieren|präsentieren
prasentiert|präsentiert
prasentierte|präsentierte
prasentierten|präsentierten
prasenz|präsenz
prasident|präsident
prasidenten|präsidenten
prasidentin|präsidentin
prasidium|präsidium
prazise|präzise
preferenz|präferenz
preferenzen|präferenzen
preissvergleich|preisvergleich
preße|presse
preßen|pressen
preusse|preuße
preussen|preußen
preussisch|preußisch
prioität|priorität
prioritaet|priorität
prioritat|priorität
probant|proband
probanten|probanden
problen|problem
produktivitaet|produktivität
produktivitat|produktivität
progrom|pogrom
projezieren|projizieren
projeziert|projiziert
projezierte|projizierte
proseco|prosecco
prozellan|porzellan
prozeß|prozess
pruefen|prüfen
prueft|prüft
pruefungen|prüfungen
prufen|prüfen
pruft|prüft
prufungen|prüfungen
psycgologie|psychologie
psychatrie|psychiatrie
puenktlich|pünktlich
puncto|punkto
punktlich|pünktlich
puzzel|puzzle
qualitaet|qualität
qualitaeten|qualitäten
qualitat|qualität
qualitaten|qualitäten
quängeln|quengeln
quängelt|quengelt
quängelte|quengelte
quartz|quarz
quartzuhr|quarzuhr
rader|räder
raeder|räder
raet|rät
raetsel|rätsel
raeuber|räuber
raeume|räume
raeumen|räumen
raeumt|räumt
raeumte|räumte
raquelette|raclette
ratsel|rätsel
rauber|räuber
rauh|rau
rauhe|raue
rauhheit|rauheit
raume|räume
raumen|räumen
raumt|räumt
raumte|räumte
realitaet|realität
realitat|realität
recept|rezept
recepte|rezepte
rechnug|rechnung
rechtschreibereform|rechtschreibreform
rechtsschreibreform|rechtschreibreform
reeling|reling
reflektion|reflexion
regelmaessig|regelmäßig
regelmaessige|regelmäßige
regelmaessigen|regelmäßigen
regelmassig|regelmäßig
regelmassige|regelmäßige
regelmassigen|regelmäßigen
regulaer|regulär
regulaere|reguläre
regular|regulär
regulare|reguläre
reisepaß|reisepass
reissen|reißen
reisst|reißt
reißverschluß|reißverschluss
reissverschluss|reißverschluss
rekrod|rekord
religioese|religiöse
religioesen|religiösen
religiose|religiöse
religiosen|religiösen
religiösität|religiosität
remulade|remoulade
rendevous|rendezvous
renntier|rentier
renntiere|rentiere
reperatur|reparatur
reperieren|reparieren
reperiert|repariert
reperierte|reparierte
repraesentanten|repräsentanten
repraesentiert|repräsentiert
reprasentanten|repräsentanten
reprasentiert|repräsentiert
resource|ressource
resourcen|ressourcen
retorik|rhetorik
retorisch|rhetorisch
retorische|rhetorische
revangieren|revanchieren
revangiert|revanchiert
revangierte|revanchierte
rhytmus|rhythmus
riß|riss
roemer|römer
roemische|römische
roemischen|römischen
roheit|rohheit
rolade|roulade
rolladen|rollladen
rolläden|rollläden
rollstul|rollstuhl
romer|römer
romische|römische
romischen|römischen
roß|ross
rouleau|rollo
ruckblick|rückblick
ruckführung|rückführung
ruckgabe|rückgabe
ruckgang|rückgang
ruckgängig|rückgängig
ruckkehr|rückkehr
ruckläufig|rückläufig
ruckschlag|rückschlag
rucksicht|rücksicht
ruckstand|rückstand
rucktritt|rücktritt
ruckzug|rückzug
rueckblick|rückblick
ruecken|rücken
rueckfuehrung|rückführung
rueckgabe|rückgabe
rueckgaengig|rückgängig
rueckgang|rückgang
rückgrad|rückgrat
rueckkehr|rückkehr
ruecklaeufig|rückläufig
rückrad|rückgrat
rückrat|rückgrat
rueckschlag|rückschlag
ruecksicht|rücksicht
rueckstand|rückstand
rueckt|rückt
rueckte|rückte
ruecktritt|rücktritt
rueckzug|rückzug
rüßel|rüssel
ruksack|rucksack
rumaenien|rumänien
rumanien|rumänien
russ|ruß
ruße|russe
rußisch|russisch
rußland|russland
rythmus|rhythmus
rytmus|rhythmus
saarbrucken|saarbrücken
saarbruecken|saarbrücken
sachem|sachen
sachsischen|sächsischen
saechsischen|sächsischen
saemtliche|sämtliche
saenger|sänger
saetze|sätze
sahce|sache
sähen|säen
sahmen|samen
säht|sät
sähte|säte
samtliche|sämtliche
sanger|sänger
satze|sätze
scenner|scanner
schaefer|schäfer
schaetzen|schätzen
schaetzt|schätzt
schaetzung|schätzung
schaetzungen|schätzungen
schaetzungsweise|schätzungsweise
schafer|schäfer
schanier|scharnier
schaniere|scharniere
schärflein|scherflein
schatzen|schätzen
schatzt|schätzt
schatzung|schätzung
schatzungen|schätzungen
schatzungsweise|schätzungsweise
scherry|sherry
scheusslich|scheußlich
schiessen|schießen
schlammassel|schlamassel
schliesslich|schließlich
schliessung|schließung
schliten|schlitten
schloß|schloss
schlößchen|schlösschen
schloßer|schlosser
schloßerei|schlosserei
schlüßel|schlüssel
schluessel|schlüssel
schluß|schluss
schlussel|schlüssel
schmuh|schmu
schnappschuß|schnappschuss
schnapschuß|schnappschuss
schnapschuss|schnappschuss
schnippsel|schnipsel
schoene|schöne
schoenen|schönen
schoener|schöner
schoenes|schönes
schoenheit|schönheit
schoenste|schönste
schoensten|schönsten
schoner|schöner
schones|schönes
schonheit|schönheit
schonn|schon
schonste|schönste
schonsten|schönsten
schrebe|schreibe
schrebst|schreibst
schreibmaschiene|schreibmaschine
schreibn|schreiben
schriben|schreiben
schueler|schüler
schuelerinnen|schülerinnen
schuelern|schülern
schuesse|schüsse
schuetzen|schützen
schuetzt|schützt
schuler|schüler
schulerinnen|schülerinnen
schulern|schülern
schupkarre|schubkarre
schuß|schuss
schusse|schüsse
schußel|schussel
schußelig|schusselig
schutzen|schützen
schutzt|schützt
schwaeche|schwäche
schwaechen|schwächen
schwaecher|schwächer
schwaermt|schwärmt
schwangerschafft|schwangerschaft
schwarmt|schwärmt
schweiss|schweiß
scon|schon
seckretärin|sekretärin
seelig|selig
segelbot|segelboot
seinse|seines
sekretätin|sekretärin
sekreteriat|sekretariat
selbständig|selbstständig
selbständigkeit|selbstständigkeit
selbstbewußt|selbstbewusst
selbstbewußtsein|selbstbewusstsein
selbststaendig|selbstständig
selbststandig|selbstständig
selbstverstaendlich|selbstverständlich
selbstverstandlich|selbstverständlich
seperat|separat
seperate|separate
serh|sehr
seriösität|seriosität
seteht|steht
sexualitaet|sexualität
sexualitat|sexualität
sicherheitsglass|sicherheitsglas
sicherheitskraefte|sicherheitskräfte
sicherheitskrafte|sicherheitskräfte
sien|sein
siene|seine
sienem|seinem
sienes|seines
sioe|sie
skanner|scanner
skatebord|skateboard
skuril|skurril
skurile|skurrile
skurill|skurril
skurille|skurrile
slebst|selbst
sodaß|sodass
soehne|söhne
sohne|söhne
solen|sollen
solidaritaet|solidarität
solidaritat|solidarität
solte|sollte
solten|sollten
soltest|solltest
sorgfaeltig|sorgfältig
sorgfaltig|sorgfältig
sose|soße
sosse|soße
souveraen|souverän
souveraenitaet|souveränität
souveran|souverän
souveranität|souveränität
spaet|spät
spaeten|späten
spaeter|später
spaetere|spätere
spaeteren|späteren
spaetestens|spätestens
sparch|sprach
spass|spaß
spat|spät
spater|später
spatere|spätere
spateren|späteren
spatestens|spätestens
spektakulaer|spektakulär
spektakulaere|spektakuläre
spektakulaeren|spektakulären
spektakular|spektakulär
spektakulare|spektakuläre
spektakularen|spektakulären
spiess|spieß
spircht|spricht
spirenzchen|sperenzchen
sponsering|sponsoring
sponsorn|sponsern
sportatikel|sportartikel
sprechn|sprechen
sprischt|sprichst
sproß|spross
spuerbar|spürbar
spurbar|spürbar
staatsanwaelte|staatsanwälte
staatsanwalte|staatsanwälte
staatsbuergerschaft|staatsbürgerschaft
staatsburgerschaft|staatsbürgerschaft
staatspraesident|staatspräsident
staatspraesidenten|staatspräsidenten
staatsprasident|staatspräsident
staatsprasidenten|staatspräsidenten
staatssekretaer|staatssekretär
staatssekretar|staatssekretär
stadte|städte
stadten|städten
stadtische|städtische
stadtischen|städtischen
staedte|städte
staedten|städten
staedtische|städtische
staedtischen|städtischen
staemme|stämme
staendig|ständig
staendige|ständige
staendigen|ständigen
staerke|stärke
staerken|stärken
staerker|stärker
staerkere|stärkere
staerkeren|stärkeren
staerkste|stärkste
staerksten|stärksten
staerkung|stärkung
staffellei|staffelei
standart|standard
standig|ständig
standige|ständige
standigen|ständigen
starkere|stärkere
starkeren|stärkeren
stärkke|stärke
starkste|stärkste
starksten|stärksten
starkung|stärkung
steen|stehen
stehgreif|stegreif
stelenmarkt|stellenmarkt
stiebitzen|stibitzen
stiess|stieß
stilleben|stillleben
stoeren|stören
stoert|stört
stoerung|störung
stoerungen|störungen
stoesst|stößt
stof|stoff
stofe|stoffe
storen|stören
stories|storys
stort|stört
storung|störung
storungen|störungen
stossen|stoßen
stosst|stößt
stpo|stopp
strafprozeß|strafprozess
strahlsund|stralsund
strassburg|straßburg
strasse|straße
strassen|straßen
strassenbahn|straßenbahn
strassenverkehr|straßenverkehr
streitkraefte|streitkräfte
streitkrafte|streitkräfte
streß|stress
streußel|streusel
streußelkuchen|streuselkuchen
strumfhose|strumpfhose
stuckliste|stückliste
stueck|stück
stuecke|stücke
stueckliste|stückliste
stueckzahl|stückzahl
stuermer|stürmer
stuerzen|stürzen
stuerzt|stürzt
stuerzte|stürzte
stuetzen|stützen
stuetzt|stützt
sturmer|stürmer
sturzen|stürzen
sturzt|stürzt
sturzte|stürzte
stutgart|stuttgart
substrahieren|subtrahieren
substrahiert|subtrahiert
substrahierte|subtrahierte
subsummieren|subsumieren
subsummiert|subsumiert
subsummierte|subsumierte
sudafrika|südafrika
sudafrikas|südafrikas
sudamerika|südamerika
suden|süden
sudkorea|südkorea
sudlich|südlich
sudliche|südliche
sudlichem|südlichem
sudlichen|südlichen
sudlicher|südlicher
sudliches|südliches
sudostasien|südostasien
sudosten|südosten
sudwesten|südwesten
sued|süd
suedafrika|südafrika
suedafrikas|südafrikas
suedamerika|südamerika
suedamerikas|südamerikas
sueden|süden
suedkorea|südkorea
suedlich|südlich
suedliche|südliche
suedlichem|südlichem
suedlichen|südlichen
suedlicher|südlicher
suedliches|südliches
suedostasien|südostasien
suedosten|südosten
suedwesten|südwesten
sünonüm|synonym
sünonym|synonym
süss|süß
süssigkeit|süßigkeit
swimingpool|swimmingpool
sylvester|silvester
symetrisch|symmetrisch
synonüm|synonym
syphon|siphon
taeglich|täglich
taegliche|tägliche
taeglichen|täglichen
taenzer|tänzer
taeter|täter
taetern|tätern
taetigen|tätigen
taetigkeit|tätigkeit
taetigkeiten|tätigkeiten
taglich|täglich
tagliche|tägliche
taglichen|täglichen
tagsuber|tagsüber
tagsueber|tagsüber
tanndem|tandem
tanzer|tänzer
tater|täter
tatern|tätern
tatigen|tätigen
tatigkeit|tätigkeit
tatigkeiten|tätigkeiten
tatoo|tattoo
tatoos|tattoos
tatsächlich|tatsächlich
tatsächliche|tatsächliche
tatsächlichen|tatsächlichen
tatsaechlich|tatsächlich
tatsaechliche|tatsächliche
tatsaechlichen|tatsächlichen
täusvhen|täuschen
telephon|telefon
tenneriffa|teneriffa
terasse|terrasse
terassen|terrassen
terazzo|terrazzo
terier|terrier
terine|terrine
teritorien|territorien
teritorium|territorium
terrabyte|terabyte
terrazo|terrazzo
thueringen|thüringen
thueringer|thüringer
thuringen|thüringen
thuringer|thüringer
tierol|tirol
tip|tipp
tirnkst|trinkst
tnu|tun
todlich|tödlich
todlichen|tödlichen
toedlich|tödlich
toedlichen|tödlichen
toene|töne
toepfer|töpfer
toetung|tötung
tohner|toner
tollerant|tolerant
tollerante|tolerante
tone|töne
topfer|töpfer
torhueter|torhüter
torhuter|torhüter
totlangweilig|todlangweilig
totschick|todschick
totung|tötung
traeger|träger
traenen|tränen
traeume|träume
traeumen|träumen
traeumt|träumt
trager|träger
tragodie|tragödie
tragoedie|tragödie
tranen|tränen
traume|träume
traumen|träumen
traumt|träumt
tribuene|tribüne
tribune|tribüne
trinkn|trinken
trint|trinkt
triologie|trilogie
tripp|trip
trokner|trockner
troß|tross
trugschluß|trugschluss
tubingen|tübingen
tubinger|tübinger
tuebingen|tübingen
tuebinger|tübinger
tuer|tür
tueren|türen
tuerkei|türkei
tuerken|türken
tuerkische|türkische
tuerkischen|türkischen
tunier|turnier
tuniere|turniere
tunnesien|tunesien
turbolenz|turbulenz
turbolenzen|turbulenzen
turkei|türkei
turken|türken
turkische|türkische
turkischen|türkischen
turnschu|turnschuh
uas|aus
uben|üben
uber|über
uberall|überall
uberaus|überaus
uberblick|überblick
uberdies|überdies
uberdurchschnittlich|überdurchschnittlich
uberein|überein
ubereinstimmung|übereinstimmung
uberfall|überfall
uberfallen|überfallen
uberflüssig|überflüssig
uberfordert|überfordert
ubergabe|übergabe
ubergang|übergang
ubergeben|übergeben
uberholt|überholt
uberlassen|überlassen
uberleben|überleben
uberlebenden|überlebenden
uberlebt|überlebt
uberlegen|überlegen
uberlegt|überlegt
uberlegungen|überlegungen
ubermittelt|übermittelt
ubernahm|übernahm
ubernahme|übernahme
ubernehmen|übernehmen
ubernimmt|übernimmt
ubernommen|übernommen
uberprufen|überprüfen
uberpruft|überprüft
uberprufung|überprüfung
uberraschend|überraschend
uberraschende|überraschende
uberraschenden|überraschenden
uberrascht|überrascht
uberraschung|überraschung
uberraschungen|überraschungen
uberschreiten|überschreiten
uberschrift|überschrift
uberschritten|überschritten
ubersehen|übersehen
ubersetzt|übersetzt
ubersetzung|übersetzung
ubersicht|übersicht
uberstanden|überstanden
uberstunden|überstunden
ubertragen|übertragen
ubertragung|übertragung
ubertrieben|übertrieben
ubertroffen|übertroffen
uberwachen|überwachen
uberwacht|überwacht
uberwachung|überwachung
uberwiegend|überwiegend
uberwiesen|überwiesen
uberwinden|überwinden
uberwindung|überwindung
uberwunden|überwunden
uberzeugen|überzeugen
uberzeugend|überzeugend
uberzeugt|überzeugt
uberzeugung|überzeugung
uberzogen|überzogen
ublich|üblich
ubliche|übliche
ublichen|üblichen
ubrig|übrig
ubrigen|übrigen
ubrigens|übrigens
ubt|übt
ubte|übte
ubung|übung
ud|du
udn|und
ueben|üben
ueber|über
ueberall|überall
ueberaus|überaus
ueberblick|überblick
ueberdies|überdies
ueberdurchschnittlich|überdurchschnittlich
ueberein|überein
uebereinstimmung|übereinstimmung
ueberfall|überfall
ueberfallen|überfallen
ueberfluessig|überflüssig
ueberfordert|überfordert
uebergabe|übergabe
uebergang|übergang
uebergeben|übergeben
ueberhaupt|überhaupt
ueberholt|überholt
ueberlassen|überlassen
ueberleben|überleben
ueberlebenden|überlebenden
ueberlebt|überlebt
ueberlegen|überlegen
ueberlegt|überlegt
ueberlegungen|überlegungen
übermässig|übermäßig
uebermittelt|übermittelt
uebernahm|übernahm
uebernahme|übernahme
uebernehmen|übernehmen
uebernimmt|übernimmt
uebernommen|übernommen
ueberpruefen|überprüfen
ueberprueft|überprüft
ueberpruefung|überprüfung
ueberraschend|überraschend
ueberraschende|überraschende
ueberraschenden|überraschenden
ueberrascht|überrascht
ueberraschung|überraschung
ueberraschungen|überraschungen
ueberschreiten|überschreiten
ueberschrift|überschrift
ueberschritten|überschritten
überschuß|überschuss
uebersehen|übersehen
uebersetzt|übersetzt
uebersetzung|übersetzung
uebersicht|übersicht
ueberstanden|überstanden
ueberstunden|überstunden
uebertragen|übertragen
uebertragung|übertragung
übertreibn|übertreiben
uebertrieben|übertrieben
uebertroffen|übertroffen
ueberwachen|überwachen
ueberwacht|überwacht
ueberwachung|überwachung
ueberwiegend|überwiegend
ueberwiesen|überwiesen
ueberwinden|überwinden
ueberwindung|überwindung
ueberwunden|überwunden
ueberzeugen|überzeugen
ueberzeugend|überzeugend
ueberzeugt|überzeugt
ueberzeugung|überzeugung
ueberzogen|überzogen
übetrreiben|übertreiben
ueblich|üblich
uebliche|übliche
ueblichen|üblichen
uebrig|übrig
uebrigen|übrigen
übrigends|übrigens
uebrigens|übrigens
uebt|übt
uebte|übte
uebung|übung
ühnlich|ähnlich
uhrlaub|urlaub
umbedingt|unbedingt
umfaßt|umfass
umfaßte|umfasste
umsaetze|umsätze
umsatze|umsätze
umstaenden|umständen
umstanden|umständen
umweltbewußt|umweltbewusst
umweltbewußtsein|umweltbewusstsein
unabhaengig|unabhängig
unabhaengige|unabhängige
unabhaengigen|unabhängigen
unabhaengigkeit|unabhängigkeit
unabhägnigkeit|unabhängigkeit
unabhangig|unabhängig
unabhangige|unabhängige
unabhangigen|unabhängigen
unabhangigkeit|unabhängigkeit
unabhängigket|unabhängigkeit
unahangigkeit|unabhängigkeit
unbdingt|unbedingt
unbedinkt|unbedingt
unbedint|unbedingt
unbeeinflußbar|unbeeinflussbar
unbewußt|unbewusst
unentgeldlich|unentgeltlich
unfaelle|unfälle
unfalle|unfälle
ungefaehr|ungefähr
ungefahr|ungefähr
ungeklaert|ungeklärt
ungeklart|ungeklärt
ungewiß|ungewiss
ungewoehnlich|ungewöhnlich
ungewoehnliche|ungewöhnliche
ungewoehnlichen|ungewöhnlichen
ungewohnlich|ungewöhnlich
ungewohnliche|ungewöhnliche
ungewohnlichen|ungewöhnlichen
ungluck|unglück
unglueck|unglück
universitaet|universität
universitaeten|universitäten
universitat|universität
universitaten|universitäten
unlaengst|unlängst
unlangst|unlängst
unmoeglich|unmöglich
unmoglich|unmöglich
unniform|uniform
unnoetig|unnötig
unnotig|unnötig
unrerbringen|unterbringen
unterbingen|unterbringen
unterbingung|unterbringung
unterbrignug|unterbringung
unterhaelt|unterhält
unterhalt|unterhält
unterstuetzen|unterstützen
unterstuetzt|unterstützt
unterstuetzte|unterstützte
unterstuetzung|unterstützung
unterstutzen|unterstützen
unterstutzt|unterstützt
unterstutzte|unterstützte
unterstutzung|unterstützung
untersuchungsausschuß|untersuchungsausschuss
unterwesche|unterwäsche
unveraendert|unverändert
unverandert|unverändert
unverstaendlich|unverständlich
unverstandlich|unverständlich
unverzueglich|unverzüglich
unverzuglich|unverzüglich
unwegbarkeiten|unwägbarkeiten
unwiderbringlich|unwiederbringlich
unwiderbringliche|unwiederbringliche
unwiederruflich|unwiderruflich
unwiederrufliche|unwiderrufliche
unzufriden|unzufrieden
urauffuehrung|uraufführung
urauffuhrung|uraufführung
urspruenglich|ursprünglich
urspruengliche|ursprüngliche
urspruenglichen|ursprünglichen
ursprunglich|ursprünglich
ursprungliche|ursprüngliche
ursprunglichen|ursprünglichen
ursupator|usurpator
veilleicht|vielleicht
velour|velours
vennedig|venedig
veraendern|verändern
veraendert|verändert
veraenderte|veränderte
veraenderten|veränderten
veraenderung|veränderung
veraenderungen|veränderungen
veraergert|verärgert
verandern|verändern
verandert|verändert
veranderte|veränderte
veranderten|veränderten
veranderung|veränderung
veranderungen|veränderungen
veranlaßt|veranlasst
verargert|verärgert
verbaende|verbände
verbaenden|verbänden
verbande|verbände
verbanden|verbänden
verblaßt|verblasst
verblaßte|verblasste
verbuendeten|verbündeten
verbundeten|verbündeten
verdraengt|verdrängt
verdrangt|verdrängt
verdruß|verdruss
verfaßen|verfassen
verfaßer|verfasser
verfaßt|verfasst
verfaßte|verfasste
verfaßten|verfassten
verfehmt|verfemt
verfehmte|verfemte
verfuegbar|verfügbar
verfuegbaren|verfügbaren
verfuegen|verfügen
verfuegt|verfügt
verfuegte|verfügte
verfuegung|verfügung
vergnuegen|vergnügen
vergnugen|vergnügen
vergroessert|vergrößert
vergrossert|vergrößert
verhaelt|verhält
verhaeltnis|verhältnis
verhaeltnisse|verhältnisse
verhaeltnissen|verhältnissen
verhaengt|verhängt
verhalt|verhält
verhaltnis|verhältnis
verhaltnisse|verhältnisse
verhaltnissen|verhältnissen
verhangt|verhängt
verhehrend|verheerend
verhehrende|verheerende
verkaeufer|verkäufer
verkaufer|verkäufer
verknuepft|verknüpft
verknuepfung|verknüpfung
verknupft|verknüpft
verknupfung|verknüpfung
verkoerpert|verkörpert
verkorpert|verkörpert
verkuenden|verkünden
verkuendet|verkündet
verkuendete|verkündete
verkuerzt|verkürzt
verkunden|verkünden
verkundet|verkündet
verkundete|verkündete
verkurzt|verkürzt
verlaengern|verlängern
verlaengert|verlängert
verlaengerung|verlängerung
verlaeuft|verläuft
verlangern|verlängern
verlangert|verlängert
verlangerung|verlängerung
verlaß|verlass
verläßlich|verlässlich
verläßlichkeit|verlässlichkeit
verläßt|verlässt
verlauft|verläuft
verließ|verlies
verliess|verließ
verliessen|verließen
vermoegen|vermögen
vermogen|vermögen
vernachlaessigt|vernachlässigt
vernachlassigt|vernachlässigt
vernuenftig|vernünftig
vernuenftige|vernünftige
vernunftig|vernünftig
vernunftige|vernünftige
veroeffentlichen|veröffentlichen
veroeffentlicht|veröffentlicht
veroeffentlichte|veröffentlichte
veroeffentlichten|veröffentlichten
veroeffentlichung|veröffentlichung
veroffentlichen|veröffentlichen
veroffentlicht|veröffentlicht
veroffentlichte|veröffentlichte
veroffentlichten|veröffentlichten
veroffentlichung|veröffentlichung
verpaßen|verpassen
verpaßt|verpasst
verpaßte|verpasste
verpaßten|verpassten
verpöhnte|verpönte
verriß|verriss
verrueckt|verrückt
versaeumt|versäumt
versameln|versammeln
versamlung|versammlung
versaumt|versäumt
verschaerft|verschärft
verschaerfung|verschärfung
verscharft|verschärft
verscharfung|verschärfung
verschleiss|verschleiß
verschliß|verschliss
verschloß|verschloss
verschloßen|verschlossen
verschluß|verschluss
versehendlich|versehentlich
versoehnung|versöhnung
versohnung|versöhnung
versönen|versöhnen
versönung|versöhnung
verspaetung|verspätung
verspatung|verspätung
verstaendigen|verständigen
verstaendigt|verständigt
verstaendigung|verständigung
verstaendlich|verständlich
verstaendnis|verständnis
verstaerken|verstärken
verstaerkte|verstärkte
verstaerkten|verstärkten
verstaerkung|verstärkung
verstandigen|verständigen
verstandigt|verständigt
verstandigung|verständigung
verstandlich|verständlich
verstandnis|verständnis
verstarken|verstärken
verstarkte|verstärkte
verstarkten|verstärkten
verstarkung|verstärkung
verstoesse|verstöße
verstoss|verstoß
verstosse|verstöße
verstossen|verstoßen
vertraege|verträge
vertrage|verträge
verubt|verübt
veruebt|verübt
verwandschaft|verwandtschaft
verzoegert|verzögert
verzoegerung|verzögerung
verzogert|verzögert
verzogerung|verzögerung
vieleicht|vielleicht
vitamien|vitamin
vitamiene|vitamine
vizepraesident|vizepräsident
vizeprasident|vizepräsident
vno|von
voellig|völlig
volliere|voliere
vollig|völlig
vollstaendig|vollständig
vollstaendige|vollständige
vollstaendigen|vollständigen
vollstandig|vollständig
vollstandige|vollständige
vollstandigen|vollständigen
vorang|vorrang
vorfal|vorfall
vorgaenge|vorgänge
vorgaengen|vorgängen
vorgaenger|vorgänger
vorgange|vorgänge
vorgangen|vorgängen
vorganger|vorgänger
vorgefuehrt|vorgeführt
vorgefuhrt|vorgeführt
vorlaeufig|vorläufig
vorlaeufige|vorläufige
vorlaeufigen|vorläufigen
vorlaufig|vorläufig
vorlaufige|vorläufige
vorlaufigen|vorläufigen
vorraus|voraus
vorraussetzung|voraussetzung
vorraussetzungen|voraussetzungen
vorschlaege|vorschläge
vorschlage|vorschläge
vorstoss|vorstoß
vorubergehend|vorübergehend
voruebergehend|vorübergehend
vorvall|vorfall
vorwuerfe|vorwürfe
vorwuerfen|vorwürfen
vorwurfe|vorwürfe
vorwurfen|vorwürfen
vorzuege|vorzüge
vorzuge|vorzüge
vro|vor
vuchstabieren|buchstabieren
waaghalsig|waghalsig
wachesn|wachsen
wachholder|wacholder
waehlen|wählen
waehler|wähler
waehlt|wählt
waehlte|wählte
waehrend|während
waehrung|währung
waehrungsunion|währungsunion
waelder|wälder
waende|wände
waenden|wänden
waere|wäre
wahlen|wählen
wahler|wähler
wahlt|wählt
wahlte|wählte
wahrend|während
wahrungsunion|währungsunion
walder|wälder
wande|wände
wanden|wänden
ware|wäre
warsager|wahrsager
wechle|welche
wechler|welcher
wechles|welches
wedre|werde
wehmutstropfen|wermutstropfen
wehrmutstropfen|wermutstropfen
wehrwolf|werwolf
wehrwölfe|werwölfe
wei|wie
weider|wieder
weinachtsbaum|weihnachtsbaum
weiss|weiß
weisse|weiße
weißmachen|weismachen
weng|wenig
wenge|wenige
wentilator|ventilator
werd|wird
wettbewerbsfaehig|wettbewerbsfähig
wettbewerbsfaehigkeit|wettbewerbsfähigkeit
wettbewerbsfahig|wettbewerbsfähig
wettbewerbsfahigkeit|wettbewerbsfähigkeit
wge|weg
wickinger|wikinger
widergeburt|wiedergeburt
widerspruche|widersprüche
widersprueche|widersprüche
widnows|windows
wiedergespiegelt|widergespiegelt
wiederspiegeln|widerspiegeln
wiederstand|widerstand
wiel|weil
wiklich|wirklich
wil|will
wilst|willst
windböhe|windböe
wintereifen|winterreifen
wirds|wird's
wirrwar|wirrwarr
wisen|wissen
wissn|wissen
wochentlich|wöchentlich
woechentlich|wöchentlich
woertlich|wörtlich
wofuer|wofür
wofur|wofür
wohlmöglich|womöglich
wohlweißlich|wohlweislich
wohnmobiel|wohnmobil
wolen|wollen
wolltn|wollten
wolte|wollte
wolten|wollten
woltest|wolltest
womoeglich|womöglich
womoglich|womöglich
woolten|wollten
wortlich|wörtlich
wra|war
wre|wer
wri|wir
wriklich|wirklich
wriklih|wirklich
wrot|wort
wüdre|würde
wüdren|würden
wuensche|wünsche
wuenschen|wünschen
wuenscht|wünscht
wuerde|würde
würdst|würdest
wuerzburg|würzburg
wüßte|wüsse
wuesste|wüsste
wüßten|wüssten
wuessten|wüssten
wueste|wüste
wunsche|wünsche
wunschen|wünschen
wunscht|wünscht
wurzburg|würzburg
wußte|wusste
wußten|wussten
xantippe|xanthippe
zaehlen|zählen
zaehne|zähne
zäheit|zähheit
zahne|zähne
zahnpaste|zahnpasta
zappelphillip|zappelphilipp
zartbeseitet|zartbesaitet
zeigem|zeigen
zerstoeren|zerstören
zerstoert|zerstört
zerstoerte|zerstörte
zerstoerten|zerstörten
zerstoerung|zerstörung
zerstoren|zerstören
zerstort|zerstört
zerstorte|zerstörte
zerstorten|zerstörten
zerstorung|zerstörung
zeti|zeit
zeugniss|zeugnis
ziehmen|ziemen
ziehmlich|ziemlich
zierat|zierrat
zilertal|zillertal
zite|zeit
zivilprozeß|zivilprozess
zubehöhr|zubehör
zucchinis|zucchini
zuerich|zürich
zürück|zurück
zufaellig|zufällig
zufallig|zufällig
zuförderst|zuvörderst
zugaenglich|zugänglich
zuganglich|zugänglich
zugehoerigen|zugehörigen
zugehorigen|zugehörigen
zuhärer|zuhörer
zuhoerer|zuhörer
zuhorer|zuhörer
zuhschauer|zuschauer
zukuenftig|zukünftig
zukuenftige|zukünftige
zukuenftigen|zukünftigen
zukunftig|zukünftig
zukunftige|zukünftige
zukunftigen|zukünftigen
zulaessig|zulässig
zulassig|zulässig
zumindestens|mindestens
zunachst|zunächst
zunaechst|zunächst
zunemen|zunehmen
zurich|zürich
zuruck|zurück
zuruckgegangen|zurückgegangen
zuruckgehen|zurückgehen
zuruckgekehrt|zurückgekehrt
zuruckgenommen|zurückgenommen
zuruckgetreten|zurückgetreten
zuruckgewiesen|zurückgewiesen
zuruckgezogen|zurückgezogen
zuruckgreifen|zurückgreifen
zuruckhaltend|zurückhaltend
zuruckhaltung|zurückhaltung
zuruckkehren|zurückkehren
zuruckliegenden|zurückliegenden
zuruckziehen|zurückziehen
zuruckzuführen|zurückzuführen
zuruckzukehren|zurückzukehren
zurueck|zurück
zurueckgegangen|zurückgegangen
zurueckgehen|zurückgehen
zurueckgekehrt|zurückgekehrt
zurueckgenommen|zurückgenommen
zurueckgetreten|zurückgetreten
zurueckgewiesen|zurückgewiesen
zurueckgezogen|zurückgezogen
zurueckgreifen|zurückgreifen
zurueckhaltend|zurückhaltend
zurueckhaltung|zurückhaltung
zurueckkehren|zurückkehren
zurueckliegenden|zurückliegenden
zurueckziehen|zurückziehen
zurueckzufuehren|zurückzuführen
zurueckzukehren|zurückzukehren
zusaetze|zusätze
zusaetzlich|zusätzlich
zusaetzliche|zusätzliche
zusaetzlichen|zusätzlichen
zusaetzlicher|zusätzlicher
zusammenfluß|zusammenfluss
zusammengefaßt|zusammengefasst
zusammenschluß|zusammenschluss
zusatze|zusätze
zusatzlich|zusätzlich
zusatzliche|zusätzliche
zusatzlichen|zusätzlichen
zusatzlicher|zusätzlicher
zuschuesse|zuschüsse
zuschuß|zuschuss
zuschusse|zuschüsse
zusehens|zusehends
zustaende|zustände
zustaendig|zuständig
zustaendige|zuständige
zustaendigen|zuständigen
zustaendigkeit|zuständigkeit
zustande|zustände
zustandig|zuständig
zustandige|zuständige
zustandigen|zuständigen
zustandigkeit|zuständigkeit
zuvörderst|zuvorderst
zwangslaeufig|zwangsläufig
zwangslaufig|zwangsläufig
zwergfell|zwerchfell
zwoelf|zwölf
zwolf|zwölf
