abcisse|abscisse
absisse|abscisse
academie|académie
acalmie|accalmie
accepter|accepter
acces|accès
acceuillir|accueillir
accompagner|accompagner
accompte|acompte
accordeon|accordéon
accroissement|accroissement
accroitre|accroître
accummuler|accumuler
aceuillir|accueillir
acréditif|accréditif
acroc|accroc
acroître|accroître
activite|activité
activites|activités
acueillir|accueillir
acummuler|accumuler
acumuler|accumuler
adopte|adopté
afaiblir|affaiblir
afaires|affaires
afaissement|affaissement
afaisser|affaisser
afecter|affecter
affinner|affiner
aficher|afficher
afiliation|affiliation
afiner|affiner
afinner|affiner
afirmer|affirmer
afreux|affreux
afronter|affronter
age|âge
ages|âges
aggio|agio
aggios|agios
agreable|agréable
agrèer|agréer
aimee|aimée
aine|aîné
aisement|aisément
aler|aller
alieurs|ailleurs
allee|allée
allees|allées
allies|alliés
allieurs|ailleurs
alocation|allocation
alocations|allocations
ambigue|ambiguë
ambigüe|ambiguë
ame|âme
amelioration|amélioration
ameliorer|améliorer
amenagement|aménagement
americain|américain
americaine|américaine
americaines|américaines
americains|américains
ames|âmes
amitie|amitié
amorticement|amortissement
ancetres|ancêtres
anée|année
anées|années
angelique|angélique
annee|année
annees|années
annnée|année
annoncait|annonçait
annuller|annuler
anonces|annonces
anotation|annotation
anotations|annotations
anoter|annoter
antiquite|antiquité
antologie|anthologie
anuler|annuler
anuller|annuler
aout|août
aparaître|apparaître
apareil|appareil
aparemment|apparemment
aparence|apparence
aparition|apparition
apartement|appartement
apartenir|appartenir
apel|appel
apele|appelle
apeler|appeler
apelle|appelle
apels|appels
aplication|application
apliquer|appliquer
apointements|appointements
aport|apport
aporter|apporter
aposer|apposer
appaiser|apaiser
apparait|apparaît
apparaitre|apparaître
apparament|apparemment
apparamment|apparemment
appareils|appareils
apparence|apparence
apparté|aparté
appelee|appelée
appeles|appelés
appeller|appeler
appercevoir|apercevoir
apperçu|aperçu
appetit|appétit
applanir|aplanir
applciation|application
appliquee|appliquée
apportait|apportait
apprecier|apprécier
approche|approche
aprécie|apprécie
aprécier|apprécier
aprécies|apprécies
aprendre|apprendre
apres|après
aprés|après
aprobation|approbation
aprouver|approuver
apuyer|appuyer
aracher|arracher
aranger|arranger
areter|arrêter
arêter|arrêter
arière|arrière
aritmétique|arithmétique
arivée|arrivée
ariver|arriver
armee|armée
armees|armées
armenie|arménie
arondi|arrondi
arondissement|arrondissement
arondissements|arrondissements
aroser|arroser
arret|arrêt
arreta|arrêta
arretait|arrêtait
arrete|arrêté
arretee|arrêtée
arreter|arrêter
arretes|arrêtés
arriere|arrière
arrivee|arrivée
arrives|arrivés
artiset|artiste
artisets|artistes
artisna|artisan
artisnas|artisans
arute|autre
asociation|association
asociations|associations
assemblee|assemblée
asseoir|asseoir
assoir|asseoir
assure|assuré
assuree|assurée
asurance|assurance
atacher|attacher
ataquer|attaquer
ateindre|atteindre
atenant|attenant
atendre|attendre
atente|attente
atention|attention
aténuer|atténuer
atérir|atterrir
aterrir|atterrir
atestation|attestation
atirer|attirer
atitude|attitude
atmosphere|atmosphère
a-t-on|a-t-on
atraper|attraper
atrapper|attraper
atribuer|attribuer
attérir|atterrir
aujourdhiu|aujourd'hui
aujourd'hiu|aujourd'hui
aupres|auprès
ausi|aussi
aussitot|aussitôt
autentique|authentique
autentiques|authentiques
authorisation|autorisation
autorite|autorité
autorites|autorités
autorization|autorisation
avancait|avançait
bacalauréat|baccalauréat
ballise|balise
barage|barrage
barer|barrer
batiment|bâtiment
batiments|bâtiments
baton|bâton
baucoup|beaucoup
beaute|beauté
bebe|bébé
belle-soeur|belle-sœur
belles-soeurs|belles-sœurs
benefice|bénéfice
betail|bétail
bete|bête
beton|béton
bibliotèque|bibliothèque
bibliotheque|bibliothèque
bibliotheques|bibliothèques
bientot|bientôt
ble|blé
boeuf|bœuf
boeufs|bœufs
boite|boîte
boites|boîtes
bonnification|bonification
bonnifications|bonifications
boussolle|boussole
branches|branches
breve|brève
brézil|brésil
bruler|brûler
buletin|bulletin
café|café
capacite|capacité
caractere|caractère
caractére|caractère
caracteres|caractères
caracteristique|caractéristique
caracteristiques|caractéristiques
caré|carré
carefour|carrefour
carosserie|carrosserie
carre|carré
carresser|caresser
carriere|carrière
carrotte|carotte
categorie|catégorie
categories|catégories
ceal|cela
ceder|céder
celà|cela
celebre|célèbre
celulle|cellule
centimetres|centimètres
cesar|césar
cetrain|certain
chaine|chaîne
chaines|chaînes
chapelle|chapelle
chappeau|chapeau
chaqun|chacun
charette|charrette
charges|chargés
charriot|chariot
chateau|château
chaussee|chaussée
chef-d'oeuvre|chef-d'œuvre
chefs-d'oeuvre|chefs-d'œuvre
cheminee|cheminée
chene|chêne
chere|chère
cheri|chéri
cherie|chérie
chifre|chiffre
chifrer|chiffrer
chifres|chiffres
choeur|chœur
choeurs|chœurs
chretien|chrétien
chretienne|chrétienne
cimetiere|cimetière
cinema|cinéma
cinquieme|cinquième
circonstantiel|circonstanciel
clarinnette|clarinette
clarrinette|clarinette
clarrinnette|clarinette
clarte|clarté
cle|clé
cleui|celui
clientele|clientèle
clientéle|clientèle
cnet|cent
coeur|cœur
coeurs|cœurs
colaboration|collaboration
colecte|collecte
colecter|collecter
colere|colère
collection|collection
collectivites|collectivités
college|collège
colleges|collèges
collegues|collègues
comedie|comédie
comerce|commerce
cometre|commettre
comite|comité
comites|comités
commença|commença
commençait|commençait
commissaire|commissaire
communaute|communauté
competence|compétence
complementaires|complémentaires
complete|complète
complexite|complexité
comprehension|compréhension
concesion|concession
concesions|concessions
conciencieux|consciencieux
concluse|conclue
concrete|concrète
concu|conçu
concurence|concurrence
conference|conférence
confidenciel|confidentiel
conge|congé
congres|congrès
connait|connaît
connaitre|connaître
conquete|conquête
consequence|conséquence
consequences|conséquences
consequent|conséquent
considerable|considérable
considerablement|considérablement
considerables|considérables
consideration|considération
considerations|considérations
considere|considéré
consideree|considérée
considerer|considérer
constituee|constituée
contencieux|contentieux
continuite|continuité
contre-ordre|contrordre
controle|contrôle
cooperation|coopération
corection|correction
corections|corrections
corespondant|correspondant
corompre|corrompre
correspondant|correspondant
couleru|couleur
courament|couramment
cout|coût
couts|coûts
crane|crâne
createur|créateur
creation|création
credit|crédit
credits|crédits
creee|créée
créee|créée
creer|créer
creme|crème
crême|crème
crepuscule|crépuscule
crève-coeur|crève-cœur
curiculum|curriculum
curiosite|curiosité
debarrasser|débarrasser
debat|débat
debuts|débuts
deca|deçà
deça|deçà
decembre|décembre
decidement|décidément
decider|décider
decision|décision
decisions|décisions
declaration|déclaration
decor|décor
decouvert|découvert
decouverte|découverte
decouvertes|découvertes
decouvre|découvre
decouvrir|découvrir
decouvrit|découvrit
decret|décret
decrire|décrire
decrit|décrit
defaite|défaite
defaut|défaut
defendre|défendre
defense|défense
deffectueux|défectueux
defini|défini
definie|définie
definir|définir
definit|définit
definition|définition
definitive|définitive
definitivement|définitivement
degager|dégager
degout|dégoût
degre|degré
degres|degrés
dégrévement|dégrèvement
deja|déjà
déja|déjà
dejeuner|déjeuner
dela|delà
delai|délai
delicat|délicat
delicate|délicate
demarche|démarche
démarer|démarrer
demi-soeur|demi-sœur
demi-soeurs|demi-sœurs
democratie|démocratie
demonstration|démonstration
densite|densité
dépanage|dépannage
dépaner|dépanner
depart|départ
departement|département
departements|départements
depasse|dépasse
depasser|dépasser
depend|dépend
depenses|dépenses
depit|dépit
deplacement|déplacement
dépot|dépôt
dépôt|dépôt
deputes|députés
derniere|dernière
derniére|dernière
dernieres|dernières
derniéres|dernières
derriere|derrière
descendre|descendre
desert|désert
deserte|déserte
desespoir|désespoir
designe|désigne
designer|désigner
desir|désir
desirs|désirs
désoeuvré|désœuvré
désoeuvrée|désœuvrée
désoeuvrement|désœuvrement
désoeuvrer|désœuvrer
desordre|désordre
desormais|désormais
destinee|destinée
destinees|destinées
destines|destinés
detail|détail
details|détails
determination|détermination
determinee|déterminée
determiner|déterminer
detruire|détruire
déveloper|développer
developpe|développe
developpement|développement
developper|développer
developpes|développés
dexu|deux
diametre|diamètre
diciplines|disciplines
dictionaire|dictionnaire
diférence|différence
difference|différence
differences|différences
different|différent
differente|différente
differentes|différentes
differents|différents
difficulte|difficulté
difficultes|difficultés
dificultes|difficultés
dignite|dignité
dilemne|dilemme
dilemnes|dilemmes
diner|dîner
diplome|diplôme
discipline|discipline
disparait|disparaît
disparaitre|disparaître
disponnible|disponible
disponnibles|disponibles
distinguer|distinguer
dite|dite
diversite|diversité
dixieme|dixième
dnas|dans
dnot|dont
domages|dommages
donnee|donnée
donnees|données
donnes|donnés
d'ou|d'où
drole|drôle
dse|des
duree|durée
ecart|écart
ecarter|écarter
echange|échange
echanges|échanges
échaper|échapper
echapper|échapper
echéance|échéance
echéances|échéances
echec|échec
echecs|échecs
echelle|échelle
echo|écho
eclair|éclair
eclairage|éclairage
eclat|éclat
eclats|éclats
écoeuré|écœuré
écoeurée|écœurée
écoeurer|écœurer
ecole|école
ecoles|écoles
economie|économie
economies|économies
economique|économique
economiques|économiques
ecoutait|écoutait
ecouter|écouter
ecoutez|écoutez
ecran|écran
ecrire|écrire
ecris|écris
ecrit|écrit
ecrite|écrite
ecrits|écrits
ecriture|écriture
ecrivain|écrivain
ecrivains|écrivains
education|éducation
efet|effet
efets|effets
efficacite|efficacité
egal|égal
egalement|également
egalite|égalité
égallement|également
egard|égard
eglise|église
eglises|églises
elaboration|élaboration
elan|élan
electricite|électricité
electrique|électrique
electriques|électriques
electron|électron
electronique|électronique
electrons|électrons
elegance|élégance
élémens|éléments
élément|élément
elementaire|élémentaire
elementaires|élémentaires
elements|éléments
elevage|élevage
elevee|élevée
elever|élever
elle-meme|elle-même
elle-mème|elle-même
elles-memes|elles-mêmes
elles-mèmes|elles-mêmes
eloigner|éloigner
elus|élus
embarasser|embarrasser
emission|émission
emmission|émission
emotion|émotion
empeche|empêche
empecher|empêcher
employes|employés
endomagé|endommagé
energie|énergie
enorme|énorme
enormes|énormes
enquete|enquête
enrégistrer|enregistrer
entiere|entière
entierement|entièrement
entr'acte|entracte
entrainement|entraînement
entrainer|entraîner
entree|entrée
envelope|enveloppe
enveloper|envelopper
epais|épais
epaisse|épaisse
epaisseur|épaisseur
epargne|épargne
epaule|épaule
epaules|épaule
epee|épée
epoque|époque
epouse|épouse
epreuve|épreuve
epreuves|épreuves
eprouve|éprouve
eprouver|éprouver
equation|équation
equations|équations
equilibre|équilibre
equipe|équipe
equipement|équipement
equivalent|équivalent
ere|ère
erronné|erroné
erronnés|erronés
espece|espèce
especes|espèces
esperance|espérance
espere|espère
esperer|espérer
esthetique|esthétique
etabli|établi
etablie|établie
etablir|établir
etablissement|établissement
etablissements|établissements
etablit|établit
etage|étage
etages|étages
etaient|étaient
etais|étais
etait|était
etant|étant
etape|étape
etapes|étapes
etat|état
etats|états
ete|été
eteint|éteint
etendre|étendre
etendu|étendu
etendue|étendue
eternel|éternel
eternelle|éternelle
eternite|éternité
etes|êtes
éthnique|ethnique
etiez|étiez
etions|étions
etoffe|étoffe
etoile|étoile
etoiles|étoiles
etonnant|étonnant
etonne|étonne
etonnement|étonnement
étrange|étrange
etranger|étranger
etrangere|étrangère
etrangeres|étrangères
etrangers|étrangers
etranges|étranges
etre|être
etres|êtres
etroit|étroit
etroite|étroite
etroitement|étroitement
etude|étude
etudes|études
etudiant|étudiant
etudiants|étudiants
etudier|étudier
europeenne|européenne
europeens|européens
eux-memes|eux-mêmes
eux-mèmes|eux-mêmes
evenement|événement
evenements|événements
évennement|événement
eventuellement|éventuellement
eveque|évêque
evidemment|évidemment
evidence|évidence
evident|évident
eviter|éviter
evolution|évolution
evoquer|évoquer
excelent|excellent
excelents|excellents
exces|excès
execution|exécution
exelent|excellent
exelents|excellents
exigeance|exigence
existance|existence
experience|expérience
experiences|expériences
experimentale|expérimentale
explique|expliqué
expres|exprès
exterieur|extérieur
exterieure|extérieure
exterieurs|extérieurs
extreme|extrême
extremement|extrêmement
extremite|extrémité
facade|façade
facilite|facilité
facon|façon
facons|façons
faculte|faculté
facultes|facultés
falange|phalange
faloir|falloir
fantome|fantôme
fatigue|fatigué
fenetre|fenêtre
fenètre|fenêtre
fenetres|fenêtres
fermee|fermée
fetes|fêtes
fevrier|février
ficheir|fichier
ficheirs|fichiers
fidele|fidèle
fideles|fidèles
fidelite|fidélité
fierte|fierté
fievre|fièvre
filliale|filiale
financiaire|financière
financiere|financière
fios|fois
fixee|fixée
fixes|fixés
fleche|flèche
flêche|flèche
foetal|fœtal
foetale|fœtale
foetales|fœtales
foetaux|fœtaux
fonctionaire|fonctionnaire
fonctioner|fonctionner
fonctionnaires|fonctionnaires
fonctionnement|fonctionnement
fondee|fondée
forcement|forcément
foret|forêt
forets|forêts
fraiche|fraîche
fraicheur|fraîcheur
francais|français
francaise|française
françaises|françaises
francofone|francophone
frequemment|fréquemment
frequence|fréquence
frere|frère
freres|frères
frontiere|frontière
frontieres|frontières
fuire|fuir
fumee|fumée
garçons|garçons
garde-boeuf|garde-bœuf
garde-boeufs|garde-bœufs
gasomètre|gazomètre
gene|gêne
general|général
générale|générale
generalement|généralement
generales|générales
generation|génération
generations|générations
generaux|généraux
genie|génie
geographie|géographie
geographique|géographique
geometrie|géométrie
georgie|géorgie
gèrer|gérer
gestionaire|gestionnaire
glanner|glaner
globul|globule
goufre|gouffre
gout|goût
gouts|goûts
grace|grâce
gràce|grâce
grand-mere|grand-mère
grands-meres|grands-mères
gravite|gravité
grece|grèce
greve|grève
griffoner|griffonner
guere|guère
hate|hâte
hatu|haut
helas|hélas
hémoragie|hémorragie
heros|héros
hesita|hésita
hierarchie|hiérarchie
hipique|hippique
hipocrisie|hypocrisie
honnete|honnête
hopital|hôpital
hopitaux|hôpitaux
hors-d'oeuvre|hors-d'œuvre
hotel|hôtel
hotels|hôtels
htp|http
http:\\|http://
huitieme|huitième
humanite|humanité
humidite|humidité
hypothese|hypothèse
hypotheses|hypothèses
icone|icône
ideal|idéal
idee|idée
idees|idées
identite|identité
iles|îles
ilusion|illusion
ilustrer|illustrer
imanent|immanent
imatriculer|immatriculer
imbecile|imbécile
imbécilité|imbécillité
imédiat|immédiat
imédiatement|immédiatement
imense|immense
imerger|immerger
imeuble|immeuble
iminent|imminent
immediat|immédiat
immediate|immédiate
immediatement|immédiatement
immenses|immenses
imobile|immobile
imobiliser|immobiliser
imobilité|immobilité
impressionisme|impressionnisme
inatendu|inattendu
inclu|inclus
inclue|incluse
indémniser|indemniser
independance|indépendance
indépendent|indépendant
indifference|indifférence
indifferent|indifférent
inevitable|inévitable
inferieur|inférieur
inferieure|inférieure
infirmiere|infirmière
ingenieur|ingénieur
ingenieurs|ingénieurs
innitialiser|initialiser
innombrables|innombrables
innonder|inonder
inovation|innovation
inquiete|inquiète
inquietude|inquiétude
integration|intégration
intensite|intensité
interessant|intéressant
interesser|intéresser
interesses|intéressés
intéret|intérêt
interets|intérêts
interieur|intérieur
interieure|intérieure
intermediaire|intermédiaire
intermediaires|intermédiaires
interpretation|interprétation
intérresser|intéresser
intervale|intervalle
intimite|intimité
iraisoné|irraisonné
iraisonné|irraisonné
irécupérable|irrécupérable
iréel|irréel
irégulier|irrégulier
irémédiable|irrémédiable
iresponsable|irresponsable
irigation|irrigation
iriguer|irriguer
iritation|irritation
iriter|irriter
isoles|isolés
jamias|jamais
joue|joué
journee|journée
journees|journées
jusqu'a|jusqu'à
jusquau|jusqu'au
jutse|juste
kilometres|kilomètres
lache|lâche
laissee|laissée
lance|lancé
lattéral|latéral
lattitude|latitude
lecons|leçons
legende|légende
leger|léger
legere|légère
legerement|légèrement
legers|légers
legislation|législation
legitime|légitime
leru|leur
letonie|lettonie
leve|lève
levee|levée
levre|lèvre
levres|lèvres
liberation|libération
liberte|liberté
lichtenstein|liechtenstein
liees|liées
limitee|limitée
litérature|littérature
litoral|littoral
litteraire|littéraire
litterature|littérature
lse|les
lui-meme|lui-même
lui-mème|lui-même
lumiere|lumière
lumiére|lumière
lumieres|lumières
lycee|lycée
macédoine|macédoine
magnetique|magnétique
main-d'oeuvre|main-d'œuvre
mains-d'oeuvre|mains-d'œuvre
maisonette|maisonnette
maitre|maître
maitres|maîtres
maitresse|maîtresse
maitrise|maîtrise
majorite|majorité
maléable|malléable
malgré|malgré
malheur|malheur
malheureusement|malheureusement
manequin|mannequin
maniere|manière
manieres|manières
manoeuvre|manœuvre
manoeuvré|manœuvré
manoeuvrée|manœuvrée
manoeuvrées|manœuvrées
manoeuvrer|manœuvrer
manoeuvres|manœuvres
manoeuvrés|manœuvrés
manoeuvrier|manœuvrier
manoeuvrière|manœuvrière
manoeuvrières|manœuvrières
manoeuvriers|manœuvriers
marches|marchés
marechal|maréchal
maree|marée
mariee|mariée
marronier|marronnier
materiaux|matériaux
materiel|matériel
materielle|matérielle
materiels|matériels
mathematique|mathématique
mathematiques|mathématiques
matiere|matière
matiére|matière
matieres|matières
matinee|matinée
mecanique|mécanique
mecaniques|mécaniques
mecanisme|mécanisme
mecanismes|mécanismes
medecin|médecin
medecine|médecine
medecins|médecins
medical|médical
mediocre|médiocre
méditerannée|méditerranée
mediterranee|méditerranée
mefiance|méfiance
melange|mélange
meme|même
mème|même
memes|mêmes
mèmes|mêmes
memoire|mémoire
memoires|mémoires
mémotechnique|mnémotechnique
menage|ménage
menager|ménager
mepris|mépris
mere|mère
meres|mères
merite|mérite
messieurs|messieurs
metal|métal
metallique|métallique
metaphysique|métaphysique
metaux|métaux
methodes|méthodes
metier|métier
metiers|métiers
metre|mètre
metro|métro
mettrique|métrique
méxique|mexique
miliard|milliard
miliards|milliards
milion|million
milions|millions
millard|milliards
millon|million
millons|millions
mine|mine
mineraux|minéraux
ministere|ministère
minne|mine
mio|moi
mions|moins
mirrer|mirer
mirroir|miroir
mirroiter|miroiter
misere|misère
misterieuse|mystérieuse
mistérieuse|mystérieuse
misterieux|mystérieux
mistérieux|mystérieux
modalites|modalités
modele|modèle
modéle|modèle
modeles|modèles
moeurs|mœurs
moi-meme|moi-même
moi-mème|moi-même
moitie|moitié
molecules|molécules
mome|môme
montee|montée
montenegro|monténégro
moralite|moralité
moulle|moule
moullu|moulu
mourrir|mourir
musee|musée
musees|musées
mystere|mystère
mysterieuse|mystérieuse
mysterieux|mystérieux
naguere|naguère
naitre|naître
neanmoins|néanmoins
neant|néant
necessaire|nécessaire
necessairement|nécessairement
necessaires|nécessaires
necessite|nécessité
neuvieme|neuvième
noeud|nœud
noeuds|nœuds
norvege|norvège
nosu|nous
notre|nôtre
nourir|nourrir
nouriture|nourriture
nous-memes|nous-mêmes
nous-mèmes|nous-mêmes
nucleaire|nucléaire
nucleaires|nucléaires
numero|numéro
obscurite|obscurité
occupper|occuper
occurence|occurrence
occurences|occurrences
ocean|océan
ocupation|occupation
ocuper|occuper
ocurrence|occurrence
ocurrences|occurrences
oecuménique|œcuménique
oecuméniques|œcuméniques
oecuménisme|œcuménisme
oedème|œdème
oedipe|œdipe
oeil|œil
oeil-de-boeuf|œil-de-bœuf
oeil-de-chat|œil-de-chat
oeillade|œillade
oeillades|œillades
oeillère|œillère
oeillères|œillères
oeillet|œillet
oeilleton|œilleton
oeilletons|œilletons
oeillets|œillets
oeils-de-boeuf|œils-de-bœuf
oeils-de-chat|œils-de-chat
oenologie|œnologie
oenologique|œnologique
oenologiques|œnologiques
oenologue|œnologue
oenologues|œnologues
oesophage|œsophage
oesophages|œsophages
oestrogène|œstrogène
oeuf|œuf
oeufs|œufs
oeuvre|œuvre
oeuvré|œuvré
oeuvrée|œuvrée
oeuvrées|œuvrées
oeuvrer|œuvrer
oeuvres|œuvres
oeuvrés|œuvrés
officiers|officiers
oficiel|officiel
oficiels|officiels
ofre|offre
ofres|offres
opera|opéra
operation|opération
orrienter|orienter
ouvriere|ouvrière
oxygene|oxygène
paques|pâques
parafine|paraffine
parain|parrain
parainer|parrainer
parait|paraît
paraitre|paraître
paralèlle|parallèle
paralèlles|parallèles
parallelement|parallèlement
paralleles|parallèles
paranoyaque|paranoïaque
parraître|paraître
parralèle|parallèle
parrallèle|parallèle
parresseux|paresseux
particuliere|particulière
particulierement|particulièrement
particuliérement|particulièrement
particulieres|particulières
passee|passée
passees|passées
passes|passés
pate|pâte
paupieres|paupières
peche|pêche
peid|pied
pélerin|pèlerin
pélerinage|pèlerinage
penetrer|pénétrer
penible|pénible
penombre|pénombre
pensee|pensée
pensees|pensées
pere|père
peres|pères
périférique|périphérique
périfériques|périphériques
periode|période
periodes|périodes
personalité|personnalité
personel|personnel
personnalite|personnalité
petrole|pétrole
peut-t'il|peut-il
peut-t'on|peut-on
peut-tu|peux-tu
peux-t'il|peut-il
peux-t-il|peut-il
peux-t'on|peut-on
peux-t-on|peut-on
phénomène|phenomene
phenomenes|phénomènes
phrases|phrases
piece|pièce
piéce|pièce
pieces|pièces
piéces|pièces
pitie|pitié
pitoresque|pittoresque
placee|placée
places|placés
plait|plaît
planete|planète
plein-pied|plain-pied
plutot|plutôt
poeme|poème
poemes|poèmes
poesie|poésie
poete|poète
poetes|poètes
poetique|poétique
poignee|poignée
portiere|portière
posee|posée
possedait|possédait
possede|possède
possedent|possèdent
posseder|posséder
possession|possession
possibilite|possibilité
possibilites|possibilités
potterie|poterie
pottier|potier
poussee|poussée
poussiere|poussière
pouvior|pouvoir
prealable|préalable
precautions|précautions
precedent|précédent
precedente|précédente
precedents|précédents
precieux|précieux
precis|précis
precise|précise
precisement|précisément
preciser|préciser
precises|précises
precision|précision
preference|préférence
prefet|préfet
premiere|première
premiére|première
premieres|premières
prenom|prénom
preoccupations|préoccupations
preparait|préparait
preparation|préparation
prepare|préparé
preparer|préparer
pres|près
presence|présence
presentait|présentait
presentation|présentation
presente|présente
presentent|présentent
presenter|présenter
president|président
pret|prêt
prete|prête
pretend|prétend
preter|prêter
pretexte|prétexte
pretre|prêtre
prets|prêts
prevenir|prévenir
prevision|prévision
previsions|prévisions
prevoir|prévoir
prevu|prévu
prevues|prévues
priere|prière
privee|privée
privees|privées
prives|privés
privilege|privilège
probabilite|probabilité
probleme|problème
probléme|problème
problemes|problèmes
problémes|problèmes
problemme|problème
problemmes|problèmes
procede|procédé
proceder|procéder
procedes|procédés
procedure|procédure
proces|procès
productivite|productivité
professeurs|professeurs
professionel|professionnel
professionelle|professionnelle
professionelles|professionnelles
professionels|professionnels
proffesseur|professeur
proffesseurs|proffesseurs
proffessionel|professionnel
proffessionelle|professionnelle
proffessionelles|professionnelles
proffessionels|professionnels
proffessionnel|professionnel
proffessionnelle|professionnelle
proffessionnelles|professionnelles
proffessionnels|professionnels
profondement|profondément
programe|programme
programer|programmer
programes|programmes
progres|progrès
proie|proie
propose|proposé
proprietaire|propriétaire
proprietaires|propriétaires
propriete|propriété
proprietes|propriétés
proteger|protéger
proximite|proximité
pschologique|psychologique
psicologique|psychologique
psycologique|psychologique
publicite|publicité
purete|pureté
qualite|qualité
qualites|qualités
quantite|quantité
quantites|quantités
quatrieme|quatrième
quelconque|quelconque
quelqun|quelqu'un
questionaire|questionnaire
quio|quoi
quitance|quittance
quitances|quittances
racourci|raccourci
raffinner|raffiner
raffoller|raffoler
rancoeur|rancœur
rapel|rappel
rapelle|rappelle
rapeller|rappeler
rapels|rappels
rapidite|rapidité
ratacher|rattacher
ratraper|rattraper
ratrapper|rattraper
rattrapper|rattraper
reaction|réaction
reactions|réactions
realisation|réalisation
realisations|réalisations
realisee|réalisée
realiser|réaliser
realite|réalité
realites|réalités
recemment|récemment
recente|récente
recepissé|récépissé
recit|récit
recoit|reçoit
recoivent|reçoivent
recomandé|recommandé
recomandée|recommandée
reconnait|reconnaît
reconnaitre|reconnaître
reçu|reçu
recut|reçut
reduction|réduction
reduire|réduire
reduit|réduit
reduite|réduite
reel|réel
reelle|réelle
reellement|réellement
reels|réels
reference|référence
reférence|référence
réference|référence
réfèrence|référence
reférences|références
réferences|références
réfèrences|références
reflechir|réfléchir
reflection|reflexion
réflection|réflexion
reflexion|réflexion
reforme|réforme
regime|régime
regimes|régimes
region|région
regions|régions
regle|règle
reglement|règlement
réglement|règlement
regler|régler
règler|régler
regles|règles
régles|règles
regne|règne
regulier|régulier
reguliere|régulière
regulierement|régulièrement
réhausser|rehausser
releve|relève
remèdier|remédier
remonte|remonte
rentree|rentrée
réouvrir|rouvrir
repartition|répartition
repeta|répéta
repetait|répétait
repete|répète
repeter|répéter
repondait|répondait
repondre|répondre
repondu|répondu
reponse|réponse
reponses|réponses
representait|représentait
representant|représentant
representants|représentants
representation|représentation
representations|représentations
represente|représente
representent|représentent
representer|représenter
republique|république
reputation|réputation
reseau|réseau
resembler|ressembler
resentir|ressentir
reserves|réserves
resistance|résistance
resister|résister
resolu|résolu
resolution|résolution
resortir|ressortir
resoudre|résoudre
responsabilite|responsabilité
responsabilites|responsabilités
restee|restée
resultant|résultant
resultat|résultat
retourner|retourner
retrouve|retrouvé
reunion|réunion
reunis|réunis
reussi|réussi
reussit|réussit
reussite|réussite
reve|rêve
réve|rêve
reveil|réveil
reveiller|réveiller
revelation|révélation
revele|révèle
rever|rêver
reves|rêves
revoila|revoilà
revolte|révolte
revolution|révolution
revolutionnaire|révolutionnaire
rhytme|rythme
rhytmes|rythmes
rintroduire|réintroduire
riviere|rivière
roentgen|rœntgen
role|rôle
russes|russes
sacré-coeur|sacré-cœur
sacree|sacrée
salaries|salariés
sante|santé
savent|savent
scene|scène
scéne|scène
scenes|scènes
schema|schéma
seance|séance
seances|séances
seche|sèche
secretaire|secrétaire
secrete|secrète
securite|sécurité
sejour|séjour
selection|sélection
sensibilite|sensibilité
separation|séparation
separer|séparer
separes|séparés
septieme|septième
serie|série
series|séries
serieusement|sérieusement
serieux|sérieux
severe|sévère
siecle|siècle
siécle|siècle
siecles|siècles
siege|siège
sieges|sièges
simétrie|symétrie
simétrique|symétrique
simplicite|simplicité
simultanement|simultanément
sincere|sincère
sixieme|sixième
slovenie|slovénie
societe|société
socièté|société
societes|sociétés
soeur|sœur
soeurs|sœurs
soi-meme|soi-même
soi-mème|soi-même
soiree|soirée
sombres|sombres
soutraitant|sous-traitant
sovietique|soviétique
special|spécial
speciale|spéciale
specialement|spécialement
speciales|spéciales
specialises|spécialisés
specialistes|spécialistes
speciaux|spéciaux
specifique|spécifique
sphere|sphère
stabilite|stabilité
strategie|stratégie
succes|succès
succés|succès
suceptibles|susceptibles
sucursale|succursale
sucursales|succursales
suede|suède
superieur|supérieur
superieure|supérieure
superieures|supérieures
superieurs|supérieurs
suport|support
supplementaire|supplémentaire
supreme|suprême
surcroit|surcroît
sure|sûre
surement|sûrement
symmétrie|symétrie
syndicats|syndicats
synonime|synonyme
synthese|synthèse
systematique|systématique
systeme|système
systéme|système
systemes|systèmes
taches|tâches
tantot|tantôt
tcheque|tchèque
telegramme|télégramme
telephone|téléphone
television|télévision
temoignage|témoignage
temoin|témoin
temoins|témoins
temperature|température
tempete|tempête
tenebres|ténèbres
tepms|temps
teritoire|territoire
teritoires|territoires
tete|tête
tetes|têtes
the|thé
theatre|théâtre
théatre|théâtre
theme|thème
theorie|théorie
theories|théories
theorique|théorique
these|thèse
tiede|tiède
timpan|tympan
tires|tirés
toi-meme|toi-même
toi-mème|toi-même
tombe|tombé
tombee|tombée
tot|tôt
totalite|totalité
toujorus|toujours
tournee|tournée
trace|trace
trainer|traîner
traite|traité
tranchee|tranchée
tranquilement|tranquillement
tranquille|tranquille
tranquillement|tranquillement
tres|très
trés|très
tresor|trésor
tricotter|tricoter
troisieme|troisième
trompe-l'oeil|trompe-l'œil
trotoir|trottoir
trouve|trouvé
trouvee|trouvée
unite|unité
unites|unités
universite|université
usine|usine
utilisees|utilisées
utilises|utilisés
utilite|utilité
valeru|valeur
vallee|vallée
varies|variés
variete|variété
varietes|variétés
vecu|vécu
vehicule|véhicule
vehicules|véhicules
venus|vénus
verifier|vérifier
veritable|véritable
veritables|véritables
verite|vérité
vérouiller|verrouiller
vetements|vêtements
vetu|vêtu
veulliez|veuillez
vis-a-vis|vis-à-vis
voeu|vœu
voeux|vœux
voila|voilà
volonte|volonté
volontier|volontiers
vosu|vous
voulior|vouloir
vous-meme|vous-même
vous-mème|vous-même
vous-memes|vous-mêmes
vous-mèmes|vous-mêmes
voute|voûte
