¡cuanto|¡Cuánto
¿como|¿Cómo
¿cual|¿Cuál
¿cuales|¿Cuáles
¿cuando|¿Cuándo
¿cuanta|¿Cuánta
¿cuantas|¿Cuántas
¿cuanto|¿Cuánto
¿cuantos|¿Cuántos
¿donde|¿Dónde
¿que|¿Qué
¿quien|¿Quién
¿quienes|¿Quiénes
abalansar|abalanzar
abalansó|abalanzó
abastese|abastece
abastesimiento|abastecimiento
ablar|hablar
ablo|hablo
abló|habló
abogación|abogacía
abrebiado|abreviado
abrebiar|abreviar
absenteísmo|absentismo
absorver|absorber
absorvidos|absorbidos
aca|acá
academica|académica
academicamente|académicamente
academico|académico
accesorois|accesorios
accion|acción
accsesorio|accesorio
aceptacion|aceptación
acer|hacer
acesorios|accesorios
acetado|aceptado
acia|hacia
acojer|acoger
acojida|acogida
acozar|acosar
acredor|acreedor
acrobacía|acrobacia
ademas|además
aderir|adherir
adesion|adhesión
adesivo|adhesivo
administracion|administración
adquicicion|adquisición
aducí|aduje
aduciste|adujiste
adusir|aducir
aerea|aérea
aereo|aéreo
aereolito|aerolito
aereonauta|aeronauta
aereoplano|aeroplano
aereostática|aerostática
aerodromo|aeródromo
aficcion|afición
aficción|afición
aficion|afición
aflijir|afligir
agedrez|ajedrez
agluno|alguno
agtimatismo|astigmatismo
agtismatismo|astigmatismo
aguecar|ahuecar
aguero|agüero
ahi|ahí
ahullentar|ahuyentar
ahy|hay
ajedres|ajedrez
alante|adelante
album|álbum
alcaguete|alcahuete
alcauete|alcahuete
alcol|alcohol
alerjia|alergia
alevin|alevín
alfabetisacion|alfabetización
algodon|algodón
algun|algún
alguon|alguno
alla|allá
aller|ayer
alli|allí
almacen|almacén
almacenage|almacenaje
almasén|almacén
almoada|almohada
almoadón|almohadón
almohadon|almohadón
almuada|almohada
alucion|alusión
amarillar|amarillear
ambiguedad|ambigüedad
amro|amor
andaron|anduvieron
andé|anduve
anecdota|anécdota
anexionamiento|anexión
anho|año
anio|año
antidiluviano|antediluviano
anti-disturbios|antidisturbios
anti-europeo|antieuropeo
antigüa|antigua
antiguedad|antigüedad
antigüo|antiguo
anti-nuclear|antinuclear
anti-robo|antirrobo
aogar|ahogar
aogo|ahogo
aohra|ahora
aora|ahora
aorrar|ahorrar
aorro|ahorro
aplicacion|aplicación
aplicacoin|aplicación
aplicacóin|aplicación
aplopejía|apoplejía
aprobechar|aprovechar
aqello|aquello
aqí|aquí
aquéllo|aquello
aquelo|aquello
aqueyo|aquello
aqui|aquí
arabe|árabe
arbol|árbol
arboles|árboles
area|área
arguir|argüir
armatroste|armatoste
arrecada|arracada
arriva|arriba
articulacion|articulación
articulo|artículo
articulos|artículos
artitris|artritis
artitrismo|artritismo
as|haz
asi|así
astismatismo|astigmatismo
atárs|atrás
atencion|atención
atigmatismo|astigmatismo
atismatismo|astigmatismo
atne|ante
atras|atrás
atriculo|artículo
audeincia|audiencia
audiencai|audiencia
aullentar|ahuyentar
aun|aún
auqello|aquello
auqueyo|aquello
automovil|automóvil
auyentar|ahuyentar
aveja|abeja
averigué|averigüé
avion|avión
axfisia|asfixia
ayanar|allanar
azecho|acecho
azucar|azúcar
barajear|barajar
bentana|ventana
bentanas|ventanas
ber|ver
berdad|verdad
berdadero|verdadero
bevida|bebida
bibir|vivir
bida|vida
bién|bien
bilingue|bilingüe
Bogota|Bogotá
Brasilera|brasileña
Brasilero|brasileño
Brazil|Brasil
buho|búho
cadaver|cadáver
cafe|café
cafeteria|cafetería
cais|casi
camaleon|camaleón
camara|cámara
camviar|cambiar
camvio|cambio
Canada|Canadá
canbiar|cambiar
canbio|cambio
cancion|canción
caracter|carácter
carácteres|caracteres
caracteristica|característica
carroceria|carrocería
catastrofe|catástrofe
catastrofica|catastrófica
catastrofico|catastrófico
categoria|categoría
cién|cien
cigueña|cigüeña
cigueñal|cigüeñal
circiuto|circuito
circustancia|circunstancia
claramnete|claramente
cno|con
cogeran|cogerán
cogia|cogía
cogian|cogían
cojen|cogen
cojer|coger
cojerán|cogerán
cojia|cogía
cojía|cogía
cojían|cogían
cojió|cogió
coleccion|colección
colecion|colección
coleción|colección
comeinzo|comienzo
comensar|comenzar
comenso|comenzó
comienso|comienzo
comio|comió
comistes|comiste
comite|comité
compania|compañía
companía|compañía
compañia|compañía
compar|comprar
compasion|compasión
completamnete|completamente
composision|composición
comptadora|computadora
comun|común
comunicacion|comunicación
comunicacoin|comunicación
comunicacóin|comunicación
comunmente|comúnmente
concideración|consideración
conduccion|conducción
conduceindo|conduciendo
conección|conexión
conexion|conexión
conocre|conocer
conpañía|compañía
conpletamente|completamente
conpletar|completar
conpleto|completo
conprar|comprar
conputadora|computadora
consecion|concesión
consegiur|conseguir
consideracion|consideración
consigiuendo|consiguiendo
constituída|constituida
constituído|constituido
construído|construido
construír|construir
continuan|continúan
contradecido|contradicho
contraxion|contracción
convercion|conversión
convirtio|convirtió
coopropietario|copropietario
copai|copia
copair|copiar
cordinacion|coordinación
cortesmente|cortésmente
costancia|constancia
costante|constante
costipado|constipado
cotovelo|cotobelo
creacion|creación
credito|crédito
crere|creer
crocodrilo|cocodrilo
croe|creo
cronologica|cronológica
cronologicamente|cronológicamente
cronologico|cronológico
crugir|crujir
cuán|cuan
cuenat|cuenta
dá|da
dager|dagger
deasrrollo|desarrollo
debenir|devenir
deberaí|debería
decear|desear
deceo|deseo
decicion|decisión
decima|décimo
decimo|décimo
decimoprimer|undécimo
decimoprimera|undécima
decimoprimero|undécimo
decimosegunda|duodécima
decimosegundo|duodécimo
definio|definió
definitiba|definitiva
definitibamente|definitivamente
definitivamnete|definitivamente
delen|denle
delfin|delfín
dentrífico|dentífrico
deporable|deplorable
deribacion|derivación
derivasion|derivación
derrogar|derogar
desarollo|desarrollo
desarrolo|desarrollo
desaveniencia|desavenencia
desconto|descontó
descuvierta|descubierta
descuvierto|descubierto
desed|desde
deshechando|desechando
deshechar|desechar
desicion|decisión
desicion|decisión
desilucion|desilusión
desinfestar|desinfectar
desiquilibrio|desequilibrio
desir|decir
desorientamiento|desorientación
desovediente|desobediente
despues|después
destornillarse|desternillarse
detení|detuve
detenieron|detuvieron
detenimos|detuvimos
detras|detrás
deve|debe
devería|debería
dia|día
diabetis|diabetes
dias|días
dicionario|diccionario
dieciseis|dieciséis
diéz|diez
diferiencia|diferencia
difernete|diferente
dificil|difícil
dificilmente|difícilmente
difreente|diferente
dió|dio
direccion|dirección
direcion|dirección
dirrecion|dirección
discucion|discusión
discusion|discusión
dise|dice
disgresión|digresión
dislacerar|dilacerar
disolucion|disolución
dispocicion|disposición
distorción|distorsión
distribuicion|distribución
distribuición|distribución
diverger|divergir
dle|del
dniero|dinero
dolar|dólar
dozena|docena
dsde|desde
dsede|desde
duodecimo|duodécimo
ebano|ébano
eclesiastico|eclesiástico
eclesiasticos|eclesiásticos
edicion|edición
elejir|elegir
élemental|elemental
eliga|elija
embarcacion|embarcación
empalidecer|palidecer
empesar|empezar
empezo|empezó
enbarcacion|embarcación
enbarcación|embarcación
enbiado|enviado
enbiar|enviar
encautar|incautar
encontar|encontrar
enfrentán|enfrentan
enlaze|enlace
enquencle|enclenque
eolico|eólico
eqiupo|equipo
eqiupos|equipos
equalización|ecualización
equalizador|ecualizador
equalizar|ecualizar
escitación|excitación
escitado|excitado
escojer|escoger
escrive|escribe
escrivir|escribir
esnucar|desnucar
éso|eso
Espana|España
Espania|España
espaniol|español
espanol|español
esparcer|esparcir
espensas|expensas
espia|espía
espiritu|espíritu
esprecion|expresión
espreción|expresión
espresion|expresión
espresión|expresión
esquíes|esquís
esquimala|esquimal
estaís|estáis
estan|están
estandard|estándar
estándard|estándar
ésto|esto
estrangero|extranjero
estranjero|extranjero
estres|estrés
estubo|estuvo
estudianta|estudiante
estuvistes|estuviste
etc...|etc.
etimologia|etimología
etso|esto
ex-|ex
exámen|examen
examenes|exámenes
excaso|escaso
excitacion|excitación
exepcion|excepción
exitar|excitar
exito|éxito
expancion|expansión
explendor|esplendor
expocicion|exposición
expresion|expresión
extrangero|extranjero
extraradio|extrarradio
extricta|estricta
extrictamente|estrictamente
extricto|estricto
eya|ella
eyas|ellas
eyos|ellos
facil|fácil
facilmente|fácilmente
familair|familiar
fanatica|fanática
fanaticamente|fanáticamente
fanatico|fanático
fé|fe
feura|fuera
feurza|fuerza
ficcion|ficción
finalemnte|finalmente
finjir|fingir
fisica|física
fluído|fluido
fraticida|fratricida
friccion|fricción
fricion|fricción
frición|fricción
fucion|fusión
fución|fusión
fué|fue
fuear|fuera
fuersa|fuerza
fuertisimo|fortísimo
fuí|fui
fuistes|fuiste
funcion|función
funjir|fungir
fusion|fusión
fustrar|frustrar
futbol|fútbol
futil|fútil
garage|garaje
garn|gran
geráneo|geranio
gobeirno|gobierno
govierno|gobierno
guero|güero
Guipuzcoa|Guipúzcoa
gustaria|gustaría
Gutierrez|Gutiérrez
habanico|abanico
habia|había
habian|habían
habierto|abierto
hablanda|ablanda
hablandada|ablandada
hablandado|ablandado
hablandar|ablandar
hablastes|hablaste
hacre|hacer
haiga|haya
hasia|hacia
haver|haber
hayuda|ayuda
hazmereír|hazmerreír
hechado|echado
hechar|echar
hefigie|efigie
herbivoro|herbívoro
heroe|héroe
heróica|heroica
heróico|heroico
heroina|heroína
herreria|herrería
herviboro|herbívoro
hervíboro|herbívoro
hervivoro|herbívoro
hervívoro|herbívoro
hibridización|hibridación
hidrolisis|hidrólisis
hinduísmo|hinduismo
hinduísta|hinduista
hipocondria|hipocondría
hoi|hoy
hojo|ojo
homogenea|homogénea
homogeneo|homogéneo
horfo|orfo
hormigon|hormigón
hsitoria|historia
hsitorieta|historieta
Htp|http
Http|http
http:\\|http://
humadera|humareda
hya|hay
ibamos|íbamos
idae|idea
ideologia|ideología
ideologica|ideológica
ideologicamente|ideológicamente
ideologico|ideológico
ideosincrasia|idiosincrasia
igaul|igual
ileíble|ilegible
imágen|imagen
imagenes|imágenes
IMDB|IMDb
immediatamente|inmediatamente
immediato|inmediato
imposision|imposición
impresion|impresión
imprimido|impreso
inaguración|inauguración
inaplacable|implacable
inapto|inepto
incluído|incluido
incluír|incluir
inclusivemente|inclusivamente
inclusives|inclusive
indecicion|indecisión
indesision|indecisión
indice|índice
inflingir|infligir
informacion|información
informacíon|información
inovación|innovación
inovaciones|innovaciones
inovador|innovador
inovadora|innovadora
inovadoras|innovadoras
inovadores|innovadores
inovar|innovar
inracional|irracional
inrompible|irrompible
instruccion|instrucción
instrución|instrucción
interperie|intemperie
intrínsico|intrínseco
inutil|inútil
invasion|invasión
iodo|yodo
israeli|israelí
israelies|israelíes
istoria|historia
istorieta|historieta
istrucción|instrucción
ivamos|íbamos
jardin|jardín
jefactura|jefatura
jente|gente
jóven|joven
judia|judía
judias|judías
judio|judío
judios|judíos
Km|km
km2|km²
lampara|lámpara
leido|leído
lenguage|lenguaje
lengueta|lengüeta
lengüista|lingüista
leon|león
liberría|librería
libreraí|librería
libreria|librería
licensia|licencia
lider|líder
limpai|limpia
limpair|limpiar
linea|línea
lineas|líneas
linguista|lingüista
linguistica|lingüística
linguística|lingüística
lingüistica|lingüística
linguístico|lingüístico
linia|línea
linpia|limpia
linpiar|limpiar
lisencia|licencia
logarismo|logaritmo
logica|lógica
logicamente|lógicamente
logico|lógico
londonense|londinense
lonjeva|longeva
lonjevo|longevo
lugra|lugar
Madrí|Madrid
magica|mágica
magico|mágico
manana|mañana
manhana|mañana
maniana|mañana
manuntención|manutención
maquina|máquina
martir|mártir
maxima|máxima
maximo|máximo
mayuscula|mayúscula
mayusculo|mayúsculo
mecanica|mecánica
mecanicamente|mecánicamente
mecanico|mecánico
Mejico|México
Méjico|México
menu|menú
menues|menús
metereología|meteorología
metodologia|metodología
Mexico|México
míl|mil
mineria|minería
minima|mínima
minimo|mínimo
minuscula|minúscula
minusculo|minúsculo
mitologia|mitología
mitologica|mitológica
mitologico|mitológico
mitomana|mitómana
mitomania|mitomanía
mitomano|mitómano
monton|montón
movil|móvil
msimo|mismo
mucah|mucha
mucoh|mucho
murciegalo|murciélago
murciégalo|murciélago
murio|murió
musica|música
myu|muy
nacio|nació
nadien|nadie
nadies|nadie
naide|nadie
nb|mb
nececidad|necesidad
necesarai|necesaria
necesaroi|necesario
negosio|negocio
nesecidad|necesidad
nesesaria|necesaria
nesesario|necesario
nesesidad|necesidad
nesesita|necesita
nesesito|necesito
nibel|nivel
ningun|ningún
noceh|noche
noosotars|nosotras
noosotors|nosotros
noosotras|nosotras
noosotros|nosotros
nosotars|nosotras
nosotors|nosotros
nozotars|nosotras
nozotors|nosotros
nozotra|nosotras
nozotro|nosotros
np|mp
nu|un
nuebo|nuevo
ò|ó
ocación|ocasión
ocasion|ocasión
ocasionándo|ocasionando
ocasoin|ocasión
ocasóin|ocasión
oceano|océano
ocurencia|ocurrencia
ocurrencai|ocurrencia
oi|oí
oimos|oímos
oir|oír
oiste|oíste
oja|hoja
ójala|ojalá
olimpica|olímpica
olimpicamente|olímpicamente
olimpico|olímpico
operacion|operación
oraculo|oráculo
órden|orden
orfelinato|orfanato
orferinato|orfanato
organica|orgánica
organico|orgánico
organizacion|organización
organizacoin|organización
organizacóin|organización
organo|órgano
orígen|origen
origenes|orígenes
otar|otra
otars|otras
otors|otros
otrsa|otras
otrso|otros
oyo|oyó
paar|para
pacensia|paciencia
paciensia|paciencia
pagina|página
pais|país
paises|países
pájina|página
palabar|palabra
palavra|palabra
Panama|Panamá
pantomina|pantomima
pantunflas|pantuflas
paraguero|paragüero
Paris|París
participacion|participación
pasion|pasión
peinso|pienso
pelicula|película
peloton|pelotón
peqeuño|pequeño
pequeno|pequeño
perfíl|perfil
pergunta|pregunta
persuación|persuasión
Peru|Perú
picia|pifia
pingue|pingüe
pinguino|pingüino
pior|peor
pirmero|primero
poblema|problema
pocso|pocos
podraí|podría
porcentage|porcentaje
porqe|porque
porqeu|porque
poseción|posesión
posivilidad|posibilidad
pra|para
practicamente|prácticamente
prea|pera
precicion|precisión
premier|primer
preo|pero
prerequisito|prerrequisito
pre-requisito|prerrequisito
presona|persona
prespectiva|perspectiva
preveer|prever
prevencion|prevención
preveyendo|previendo
preveyera|previera
preveyó|previó
problematica|problemática
problematico|problemático
programacion|programación
propriedad|propiedad
proprietario|propietario
proqe|porque
proque|porque
protejer|proteger
protejido|protegido
publicamente|públicamente
pudeira|pudiera
qerer|querer
qeu|que
qeurer|querer
qiere|quiere
qiuen|quien
qiuere|quiere
quiza|quizá
quizas|quizás
rapida|rápida
rapido|rápido
razgo|rasgo
realize|realice
realizemos|realicemos
realizen|realicen
realizes|realices
recivir|recibir
recivo|recibo
recojer|recoger
recomendacion|recomendación
recomendacoin|recomendación
recomendacóin|recomendación
reconoceindo|reconociendo
regilla|rejilla
registar|registrar
registor|registro
religoiso|religioso
remplazar|reemplazar
republica|república
resolucion|resolución
restaurant|restaurante
restorán|restaurante
revindicación|reivindicación
revisador|revisor
revolucion|revolución
rocin|rocín
Rosie|Rosalie
ruído|ruido
rujir|rugir
sábelotodo|sabelotodo
saver|saber
segir|seguir
segiur|seguir
segnu|según
segnú|según
segun|según
seguri|seguir
séis|seis
seleccion|selección
seleción|selección
selecionar|seleccionar
sentencai|sentencia
sera|será
serpentin|serpentín
sezgo|sesgo
siemper|siempre
sienpre|siempre
sinceramnete|sinceramente
sinfin|sinfín
sladar|saldar
slogan|eslogan
sni|sin
sno|son
sóla|sola
sólamente|solamente
solucion|solución
sondio|sonido
sordo-mudo|sordomudo
sre|ser
standar|estándar
stándar|estándar
sub-índice|subíndice
subrraya|subraya
subrrayado|subrayado
subrrayar|subrayar
sucecion|sucesión
sucedio|sucedió
sucetible|susceptible
superfície|superficie
supérflua|superflua
supertición|superstición
supremacia|supremacía
surjir|surgir
suseder|suceder
susedió|sucedió
suspencion|suspensión
tagea|tajea
tambien|también
tanbien|también
tanbién|también
targeta|tarjeta
tars|tras
tecnica|técnica
tecnicamente|técnicamente
tecnico|técnico
teger|tejer
teine|tiene
telefonico|telefónico
teléfonico|telefónico
telefono|teléfono
tendraí|tendría
tenre|tener
tí|ti
tia|tía
tienpo|tiempo
tio|tío
tipica|típica
tipicamente|típicamente
tipico|típico
tneer|tener
todavia|todavía
traduccion|traducción
traducion|traducción
tradución|traducción
traf|tráf
trás|tras
travajando|trabajando
travajar|trabajar
travajo|trabajo
tubiera|tuviera
tunel|túnel
uans|unas
uass|usas
ubicacion|ubicación
ultimamente|últimamente
ultimo|último
ultimos|últimos
undecimo|undécimo
unguento|ungüento
unica|única
unicamente|únicamente
unico|único
unsa|unas
unso|unos
uon|uno
uons|unos
uos|uso
uoss|usos
util|útil
utilisar|utilizar
utiliznado|utilizando
uvicación|ubicación
vailar|bailar
valance|balance
vanal|banal
vease|véase
vebida|bebida
veintidos|veintidós
veintiseis|veintiséis
veintitres|veintitrés
ventinueve|veintinueve
ventiuno|veintiuno
verda|verdad
verdá|verdad
verguenza|vergüenza
vertir|verter
vever|beber
via|vía
vibrasión|vibración
vió|vio
vision|visión
voltiar|voltear
volumenes|volúmenes
voosotars|vosotras
voosotors|vosotros
voosotras|vosotras
voosotros|vosotros
vosotars|vosotras
vosotors|vosotros
vosotra|vosotras
vosotro|vosotros
vrillar|brillar
y/o|o
zanaoria|zanahoria
zezgo|sesgo
